,chargedescription,count
0,FAILURE TO APPEAR,13216
1,ASSAULT-SEC DEGREE,9362
2,HGV,3546
3,CDS,3530
4,ASSAULT-FIRST DEGREE,2945
5,COMMON ASSAULT,2930
6,CDS VIOLATION,2761
7,VIOLATION OF PROBATION,1798
8,AGGRAVATED ASSAULT,1411
9,STOLEN AUTO,1375
10,ASSAULT,1375
11,HANDGUN VIOLATION,1124
12,ARMED ROBBERY,1029
13,DETAIN ONLY,982
14,ROBBERY,935
15,AGG ASSAULT,880
16,ATT 1ST DEG. MURDER,727
17,2ND DEGREE ASSAULT,693
18,BURGLARY,624
19,PROSTITUTION,602
20,LARCENY,502
21,BURGLARY-FIRST DEGREE,482
22,VIOLATE EXPARTE/PROT ORDER,413
23,"THEFT: $100 TO UNDER $1,500",400
24,CDS PWID,380
25,CDS DIST,363
26,CDS POSS,351
27,SECOND DEGREE ASSAULT,301
28,DESTRUCTION OF PROPERTY,293
29,FAIL REG OFFENDER/FALSE INFO,287
30,MURDER - FIRST DEGREE,284
31,THEFT,275
32,CDS DISTRIBUTION,268
33,AGG. ASSAULT,266
34,UNARMED ROBBERY,266
35,"THEFT: $1,500 TO UNDER $25,000",255
36,CDS POSSESSION,250
37,TRESPASSING,247
38,1ST DEGREE ASSAULT,246
39,BURGLARY-THIRD DEGREE,244
40,BURGLARY- 4TH DEGREE-DWELL,243
41,MOTOR VEH/UNLAWFUL TAKING,216
42,CHILD ABUSE: 2ND DEG -CUST,212
43,BURGLARY/2ND DEGREE/GENERAL,211
44,THEFT LESS THAN $100.00,195
45,VIOLATE PROT ORDER,188
46,RAPE FIRST DEGREE,187
47,PWID,186
48,CDS: POSS W/I DIST: NARC,180
49,HANDGUN ON PERSON,174
50,ARMED CARJACKING,174
51,FAIL TO OBEY,170
52,ASSAULT 2ND DEGREE,161
53,VIOLATION OF PROTECTIVE ORDER,160
54,PEACE ORDER: FAIL TO COMPLY,152
55,HOME INVASION,150
56,ARSON/THREAT,149
57,B&E,144
58,TEMP FED DETAINEE,143
59,FUGITIVE FROM PENNSYLVANIA,142
60,ASSAULT ON POLICE,139
61,AUTO THEFT,131
62,"MAL DEST PROP/VALU - $1,000",124
63,"MAL DEST PROP/VALU < $1,000",123
64,FUGITIVE FROM VIRGINIA,120
65,CDS: POSSESS-NOT MARIJUANA,118
66,HGV/CDS,103
67,FIRST DEGREE ASSAULT,103
68,DUI,103
69,TEL MISUSE:REPEAT CALLS,102
70,ASSAULT SECOND DEGREE,100
71,VIOLATION OF PEACE ORDER,99
72,FIREARM POSS W/FEL CONVICT,99
73,FUGITIVE FROM PA,97
74,DOMESTIC ASSAULT,96
75,REG FIREARM:ILLEGAL POSSESSION,95
76,DISORDERLY,92
77,HARASS; A COURSE OF CONDUCT,90
78,ASSAULT-SECOND DEGREE,89
79,FAILURE TO OBEY,88
80,UNAUTHORIZED USE,86
81,CDS POSS W/INT TO DIST,84
82,MAL DEST PROP/VALU - $500,82
83,2ND DEG ASSAULT,79
84,4TH DEGREE BURGLARY,79
85,CHILD ABUSE-2ND DEGREE: HOUSE,78
86,"MAL DESTR PROP VALUE  $1,000+",78
87,CDS DIST-NARC,75
88,LARCENY FROM AUTO,74
89,ASSAULT 1ST DEGREE,71
90,PWID COCAINE,68
91,RAPE SECOND DEGREE,68
92,FUGITIVE FROM JUSTICE - PENNSY,68
93,TRESPASS: PRIVATE PROPERTY,68
94,DISORDERLY CONDUCT,65
95,CARJACKING,64
96,CDS DIST.,62
97,"MAL DESTR PROP VALUE + $1,000",61
98,DRIVING WITHOUT LICENSE,59
99,ASSAULT- SECOND DEGREE,59
100,"THEFT: LESS $1,000 VALUE",59
101,ROGUE AND VAGABOND,56
102,VIOLATION OF PROTECTION ORDER,56
103,HANDGUN,56
104,MURDER-FIRST DEGREE,54
105,DIRT BIKE VIOLATION,54
106,HANDGUN IN VEHICLE,54
107,HAND GUN VIOLATION,54
108,BREAKING AND ENTERING,53
109,STOLEN VEHICLE,52
110,VOP,49
111,"THEFT: $1,000 TO UNDER $10,000",48
112,TRESPASS,47
113,BURGLARY-4TH DEGREE-STORE,46
114,SEX OFF REG-FAIL NOTIFY/INCLD,46
115,TRESSPASSING,45
116,PROSTITUTION-GENERAL,44
117,INDECENT EXPOSURE,44
118,POSS OF FIREARM MINOR,43
119,FIREARM USE/FEL-VIOL CRIME,43
120,ATT-BURGLARY- 4TH DEG-DWELL,43
121,FIREARM/DRUG TRAF CRIME,43
122,COMMERCIAL BURGLARY,43
123,FUGITIVE FROM VA,41
124,ATT 2ND DEG. MURDER,41
125,HINDERING,41
126,UNAUTH REMOVAL OF MV,40
127,FUGITIVE FROM JUSTICE - VIRGIN,40
128,DOMESTIC COMMON ASSAULT,40
129,CDS POSS.,39
130,SEX OFFENSE THIRD DEGREE,39
131,MOTOR VEHICLE THEFT,39
132,1ST DEGREE MURDER,38
133,CDS PWID COCAINE,38
134,LOADED HANDGUN ON PERSON,38
135,CHILD ABUSE,37
136,ASSAULT FIRST DEGREE,36
137,B & E,36
138,RECKLESS ENDANGERMENT,35
139,CDS ATT DIST,35
140,FAILURE TO PAY FINE,34
141,DRIVING W/O LICENSE,34
142,GAMBLING,34
143,CON-MURDER - FIRST DEGREE,33
144,FAILURE TO PAY WAGES,32
145,FAILING TO REGISTER,32
146,FLEEING AND ELUDING,32
147,ASSAULT 2ND,31
148,CDS COCAINE,31
149,CDS:POSSESS-NOT MARIJUANA,31
150,POSS COCAINE,31
151,POSSESSION OF STOLEN AUTO,30
152,ASSAULT SEC DEGREE,30
153,KIDNAPPING,30
154,1ST DEG ASSAULT,30
155,STALKING,30
156,PWID HEROIN,30
157,BB GUN VIOLATION,30
158,PWID CDS,30
159,PWID MARIJUANA,29
160,DISTRIBUTION,29
161,CDS/HGV,29
162,CDS: PWID,29
163,BURGLARY-4TH DEGREE THEFT,29
164,MURDER,28
165,FORGERY-PRIV DOCUMENTS,28
166,SEC DEGREE ASSAULT,27
167,DEST OF PROPERTY,27
168,FALSE IMPRISONMENT,27
169,FTA,27
170,SEX ABUSE MINOR,26
171,CDS POSS COCAINE,26
172,UNAUTH REMOVAL OF PROP,26
173,ISSUE FALSE DOCUMENT,26
174,AFFRAY,25
175,POSS CDS,25
176,VIOLATION OF A PROTECTIVE ORDE,25
177,ARSON-FIRST DEGREE,24
178,SEX ABUSE MNR/CONT COURSE COND,24
179,"THEFT: $25,000 TO UND $100,000",24
180,ASSLT 2ND/DOC EMPLOYEE ETC.,24
181,STOLEN TAGS,23
182,ATTEMPT ARMED ROBBERY,22
183,POSS HEROIN,22
184,FALSE STATEMENT TO OFFICER,22
185,POSSESSION CDS,22
186,DIST CDS,22
187,FTO,22
188,RETALIATE - WITNESS,22
189,COMMERCIAL ARMED ROBBERY,22
190,SEX ABUSE MINOR: HOUSE/FAM,21
191,ILLEGAL POSS AMMO,21
192,RAPE,21
193,FAILURE TO APPEAR OR PAY FINE,21
194,DWI,21
195,4TH DEGREE SEX OFFENSE,21
196,ASSAULT SEC DEG-LE/P&P/FIRE/EM,21
197,COMMON ASSUALT,21
198,VIOL REL COND-PERS ELIG RELIEF,21
199,CDS/PWID,21
200,2ND ASSAULT,21
201,ELEC COMM HARASS,20
202,ATTEMPT B&E,20
203,CDS: POSS MARIJUANA 10 GM+,20
204,COMMERCIAL B&E,20
205,FUGITIVE FROM DELAWARE,20
206,BURGLARY 4TH DEGREE,20
207,ASSAULT 2ND DEG,20
208,MALICIOUS DESTRUCTION OF PROPE,19
209,AGG ASLT,19
210,ATTEMPT BY DRIVER TO ELUDE UNI,19
211,ARSON,19
212,DRIVING WITHOUT A LICENSE,19
213,FALSE STATEMENT,19
214,POSS OF STOLEN AUTO,19
215,FUGITIVE FROM NEW JERSEY,18
216,ASSAULT BY THREAT,18
217,ESCAPE - SECOND DEGREE,18
218,COMMON ASSULT,18
219,GUN OFFENDER,18
220,FAILURE TO STOP AFTER ACCIDENT,18
221,ASSAULT 2,18
222,SEX OFF 4TH DEG-SEX CONTACT,18
223,TEMP FEDERAL DETAINEE,18
224,"THEFT SCHEME: $1,500 TO <$25K",18
225,DIRT BIKE,18
226,LOADED HANDGUN IN VEHICLE,18
227,RESISTING ARREST,18
228,FAIL TO PAY FINE,18
229,"NEG MANSL-AUTO/BOAT, ETC.",17
230,ARSON 2ND DEGREE,17
231,CDS POSS HEROIN,17
232,AGG.ASSAULT,16
233,HIT AND RUN,16
234,CDS HEROIN,16
235,MALICIOUS DESTRUCTION,16
236,ARMED COMMERCIAL ROBBERY,16
237,CDS PWID HEROIN,16
238,CHILD ABUSE 1ST DEG:SEVERE PHY,16
239,POSS STOLEN AUTO,15
240,STOLEN TAG,15
241,AGGRAVATED ASSAULT BY POINTING,15
242,FAILURE TO PAY,15
243,ANIMAL CRUELTY,15
244,CDS POSSESSION COCAINE,15
245,RESIDENTIAL B&E,15
246,FUGITIVE FROM NEW YORK,15
247,CAR JACKING,15
248,RETALIATE-WITNESS-FELONY OFF,14
249,1ST DEGREE BURGLARY,14
250,DRIVING ON SUSPENDED LICENSE,14
251,4TH DEGREE B&E,14
252,VEHICL/RENTD:FAIL RETURN,14
253,REG FIREARM:STOLEN/SELL ETC,14
254,INTIMIDATE/INFLUENCE JUROR,14
255,"THEFT:$10,000 TO UND $100,000",14
256,ASSAULT BY POINTING,14
257,VIOLATION OF EXPARTE,14
258,TRAFFIC,14
259,AGG ASSAULT BY POINTING,14
260,DISTRIBUTION COCAINE,14
261,RESIDENTIAL BURGLARY,14
262,ATTEMPT BURGLARY,13
263,2ND DEGREE BURGLARY,13
264,FUGITIVE FROM JUSTICE,13
265,ESCAPE - 2ND DEG-COND OF RELS,13
266,CDS: DISTR ETC. W/FIREARM,13
267,DANGEROUS WEAPON-INT/INJURE,13
268,"THEFT SCHEME:$100 TO <$1,500",13
269,ANIMAL CRUEL FAIL: PROVIDE,13
270,SEX OFF REG-CHANGE ADDRESS,13
271,FAIL REG OFFENDER,13
272,FUGITIVE FROM JUSTICE PA,13
273,CDS DIST HEROIN,13
274,DISTRIBUTION CDS,13
275,FIRST DEGREE MURDER,12
276,SEX OFF 4TH DEG,12
277,ASSUALT,12
278,ABDUCTION,12
279,ATT 1ST DEG RAPE,12
280,CDS PWI,12
281,THEFT UNDER $100,12
282,ATTEMPT MURDER,12
283,CDS POSS W/ INT,12
284,POSS CONTBND-PLACE OF CONFINEM,12
285,VIOLATE PROTECTIVE ORDER,12
286,B+E,12
287,POSSESSION OF STOLEN PROPERTY,12
288,ASSAULT/SECOND DEGREE,12
289,POSSESS CHILD PORNOGRAPHY,12
290,FORGERY/PRIV DOCUMENT/POSSESS,12
291,"ATT-THEFT: $100 TO UND $1,500",12
292,CDS NOT MARIJUANA,12
293,SEC-DEGREE ASSAULT,12
294,DIRTBIKE VIOLATION,12
295,DIST INTIMATE/SEX IMAGE,12
296,FRAUD-PER. IDENT. AVOID PROS,12
297,ATT-BURGLARY-THIRD DEGREE,12
298,FUGITIVE FROM JUSTICE VIRGINIA,12
299,ASSAULT- FIRST DEGREE,11
300,ATTEMPTED MURDER,11
301,CHILD NEGLECT,11
302,THREAT OF MASS VIOLENCE,11
303,POSSESSION WITH INTENT,11
304,CON-ATT 1ST DEG. MURDER,11
305,POSSESSION OF STOLEN VEHICLE,11
306,CDS DIST. HEROIN,11
307,FUGITIVE FROM NORTH CAROLINA,11
308,CDS DIST COCAINE,11
309,VIOLATION OF A PEACE ORDER,11
310,FUGITIVE FROM JUSTICE PENNSYLV,11
311,AGGRAVTED ASSAULT,11
312,PHYSICAL CHILD ABUSE,11
313,CDS POSSESION,11
314,TEMP. FED DETAINEE,11
315,FUGITIVE FROM WEST VIRGINIA,11
316,ATTEMPT ROBBERY,10
317,FUGITIVE FROM JUSTICE - NEW JE,10
318,SCHOOL:FAIL SEND CHILD,10
319,FUGITIVE FROM JUSTICE-PENNSYLV,10
320,ATTEMPT UNARMED ROBBERY,10
321,VIOLATION PROTECTIVE ORDER,10
322,ATTEMPT BY DRIVER TO ELUDE POL,10
323,FIREARM VIOLATION,10
324,DEST. OF PROPERTY,10
325,THREAT OF ARSON,10
326,THEFT UNDER 100,10
327,B AND E,10
328,CDS-POSS OF FIREARMS,10
329,NEGLECT OF MINOR,10
330,CON-ASSAULT-FIRST DEGREE,10
331,FUGITIVE FROM FLORIDA,10
332,ATTEMPTED ARMED ROBBERY,10
333,FAIL TO REGISTER GUN OFFENDER,10
334,2ND DEG. ASSAULT,10
335,DRIVING UNDER THE INFLUENCE OF,10
336,CDS:POSS W/INTENT DIST: NARC,10
337,ARMED CAR JACKING,10
338,PWI CDS,10
339,ASSAULT 1ST,10
340,CDS VIOL.,10
341,DRIVING UNDER INFLUENCE OF ALC,10
342,FALSE PRETENSE,9
343,DIST OF MARIJUANA,9
344,SCHOOL: FAIL SEND CHILD,9
345,COMMON ASSAULT 2ND DEGREE,9
346,POSS OF STOLEN VEHICLE,9
347,2ND DEGREE ASSUALT,9
348,2ND DEGREE RAPE,9
349,DETAIN ONLY FOR BALTIMORE COUN,9
350,DRIVING/ATTEMPTING DRIVE MOTOR,9
351,ASSAULT SEC DEG-LAW ENFORCMENT,9
352,DETAIN ONLY BALTIMORE COUNTY,9
353,HGV/ CDS,9
354,COMMERCIAL UNARMED ROBBERY,9
355,PWI COCAINE,9
356,CDS POSSESSION WITH INTENT,9
357,POSS. COCAINE,9
358,BREAKING & ENTERING,9
359,CDS DIST. COCAINE,9
360,DEST OF PROP,9
361,ATT ARMED ROBBERY,9
362,FALSE STMT TO PEACE OFFICER,9
363,INTIMIDATE/INFLU JUROR-FELONY,9
364,CDS:ADMIN - NOT MARIJUANA,9
365,ROGUE & VAGABOND,9
366,FUGITIVE FROM TEXAS,9
367,SEC DEG ASLT,9
368,CDS: DISTRO,9
369,CDS-PWID,9
370,CDS PWID NARC,9
371,PERVERTED PRACTICE,8
372,CDS VIOLATIONS,8
373,POSS OF STOLEN PROPERTY,8
374,ATT MURDER,8
375,ASSULT,8
376,POSS W/I MARIJUANA,8
377,FUGITIVE,8
378,DIST. CDS,8
379,ATT BURGLARY,8
380,AGGRAVATED ASLT,8
381,FUGITIVE FROM JUSTICE - DELAWA,8
382,SEC DEG ASSAULT,8
383,CDS  VIOLATION,8
384,FAIL OBEY RENBLE/LAWFL,8
385,AGG ASSUALT,8
386,BB GUN,8
387,ASSAULT 1,8
388,AGGRAVATED CRUELTY ANIMAL,8
389,CDS CONSPIRACY,8
390,VIOL REL COND -CRIME  VIOL,8
391,RECKLESS DRIVING,8
392,POSSESSION WITH INTENT TO DIST,8
393,GTA,8
394,TRESPASS-POSTED PROPERTY,7
395,4TH DEG BURGLARY,7
396,DOMESTIC AGG ASSAULT,7
397,SECOND DEGREE ASSUALT,7
398,POSS W/INT,7
399,FAILING TO VERIFY INFORMATION,7
400,CDS MARIJUANA,7
401,DETAIN CHILD/RELATVE IN ST,7
402,AGG. ASSAULT BY POINTING,7
403,COMMON ASLT,7
404,CDS PWI HEROIN,7
405,SEX OFFENSE,7
406,CDS POSS W/INT,7
407,ACT AS CONTRACTOR W/O LICNSE,7
408,POSSESSION HEROIN,7
409,DRIVING ON REVOKED,7
410,UNARMED CARJACKING,7
411,FAIL REG GUN OFFENDER,7
412,COMMOM ASSAULT,7
413,CON-ASSAULT-SEC DEGREE,7
414,COMMON ASSAULT DOMESTIC,7
415,FAIL REGISTER SEX OFFEND,7
416,AGGRAVATED ASSUALT,7
417,CDS DIST. MARIJUANA,7
418,POSSESSION OF COCAINE,7
419,COMMERCIAL B & E,7
420,THEFT LESS THAN $100,6
421,FUGITIVE FROM VIRGINA,6
422,OBSTRUCTING & HINDERING,6
423,HGV/PWID,6
424,FAILURE TO OBEY ORDER OF COURT,6
425,CDS VIOL,6
426,PROVIDING FALSE INFORMATION,6
427,ASSAULT COMMON,6
428,ATT 1ST DEG MURDER,6
429,MALICIOUS BURNING,6
430,DRIVING W/ O LIC,6
431,CDS DISTRIBUTE - OTHER,6
432,ACCESSORY AFTER FACT MURDER 1S,6
433,CDS VIOALTION,6
434,AGGRAVATE ASSAULT,6
435,MALICIOUS BURNING/2ND DEG,6
436,SEX OFFENSE SECOND DEGREE,6
437,CDS POSS NOT MARIJUANA,6
438,ATT-BURGLARY-4TH DEG-STORE,6
439,DRIVING WHILE IMPAIRED,6
440,SHOPLIFTING,6
441,AGGRIVATED ASSAULT,6
442,THEFT OF SERVICE,6
443,ATT UNARMED ROBBERY,6
444,RECOVERED STOLEN AUTO,6
445,POSSESSION STOLEN AUTO,6
446,THEFT UNDER $100.00,6
447,AGG ASSAULT BY CUTTING,6
448,CDS-POSS,6
449,DIST MARIJUANA,6
450,ATT-CARJACKING,6
451,COMMON  ASSAULT,6
452,DRIVING UNDER INFLUENCE,6
453,POSSESSION OF BB GUN,6
454,OPEN CONTAINER,6
455,ATTEMPTED BURGLARY,6
456,POSSESSION OF CDS,6
457,SEX OFFENSE FIRST DEGREE,6
458,ATT-MURDER,6
459,POSS OF MARIJUANA,6
460,CDS VIOLAION,6
461,FAILURE TO COMPLY,6
462,ATT-ARSON-FIRST DEGREE,6
463,CDS POSS W/INTENT TO DISTRIBUT,6
464,OPERATING STOLEN VEHICLE,6
465,INVOLUNTARY MANSLAUGHTER,6
466,FIREARM,6
467,FELONY CDS,6
468,STOLEN CAR,6
469,CDS DISS,6
470,HGV/CDS VIOLATION,6
471,UNAUTHORIZE USE,5
472,POSS CDS NOT MARIJUANA,5
473,ATTEMPT LARCENY,5
474,POSS MARIJUANA,5
475,AGG ASSAULT BY THREAT,5
476,MURDER 1ST DEGREE,5
477,"OBTAIN GOODS, MONEY-FORGERY",5
478,THEFT UNDER $1000,5
479,OBSTRUCTION,5
480,CDS-DISTRIBUTION,5
481,ATT-BURGLARY/2ND DEGREE/GENERA,5
482,ILLEGAL POSSESSION OF AMMO,5
483,CDS HERION,5
484,CRED CARD:STEAL ANOTHER'S,5
485,FAILURE TO OBEY ORDER OF THE C,5
486,ASSAULT ON POLICE OFFICER,5
487,THEFT-SCHEME:1K TO UNDER 10K,5
488,ATT 2ND DEG RAPE,5
489,VIOLATION OF A PROTECTION ORDE,5
490,VIOLATION OF EX PARTE,5
491,CON-ROBBERY,5
492,ELEC MAIL HARASS,5
493,CDS POSS W/INTENT,5
494,ATTEMPTED ROBBERY,5
495,COMMON ASSSAULT,5
496,CDS VIOLATION PWID,5
497,ATT. DISTRIBUTION CDS,5
498,POSSESSION,5
499,BURGLARY 1ST DEGREE,5
500,"THEFT OVER 1,000",5
501,SECOND DEG ASSAULT,5
502,CDS: DISTRIBUTION,5
503,DEADLY WEAPON,5
504,POSS W/I COCAINE,5
505,DRIVING W/O LIC,5
506,CDS/POSS,5
507,HANDGUN/CDS,5
508,CON-ARMED ROBBERY,5
509,FOURTH DEGREE BURGLARY,5
510,DEST DEVICE MAN/POS/DIST,5
511,POSS OF HEROIN,5
512,CDS POSSESSION HEROIN,5
513,PROSITUTION,5
514,ROUGE AND VAGABOND,5
515,DOMESTIC AGGRAVATED ASSAULT,5
516,DISTRIBUTION OF COCAINE,5
517,POSS W/INTENT TO DISTRIBUTE,5
518,ATT-ASSAULT-SEC DEGREE,5
519,FUGITIVE PA,5
520,FAILURE TO IMMEDIATELY STOP VE,5
521,ATT AGG ASSAULT,5
522,ATT-CDS DIST-NARC,5
523,DIST/PWID FENTNYL/HEROIN MIX,5
524,RESIST/INTERFERE WITH ARREST,5
525,ATTEMPT AGG ASSAULT,5
526,"FORG-ORDER FOR MONEY,GOODS",5
527,RFL/SHOTGN POSS-DISQUAL,5
528,FRAUD-PER IDENT AVOID PROS,5
529,HARBOR/ABDUCTED CHLD UN 12,5
530,DIST/PWID CDS FENTYL/HEROIN,5
531,COMMERCIAL ROBBERY,5
532,AGG ASAULT,5
533,ATT ROBBERY,5
534,ROGUE VAGABOND,5
535,HUMAN TRAFFICKING,5
536,FEDERAL DETAINEE,5
537,ASSAULT SEC DEG,4
538,ELUDE POLICE,4
539,POSSESSION W/I CDS,4
540,MALICIOUS BURNING/1ST DEG,4
541,ATT. MURDER,4
542,POSS OF CDS,4
543,FRAUD,4
544,CDS POSS WITH INTENT,4
545,VIOLATION PEACE ORDER,4
546,POSSESSION OF HEROIN,4
547,FUG FROM PA,4
548,ILLEGAL POSSESSION OF AMMUNITI,4
549,POSS W/INT COCAINE,4
550,POSS WITH INTENT,4
551,VIOLATION OF PROT ORDER,4
552,ATTEMPT LARCENY FROM AUTO,4
553,ELUDING POLICE,4
554,HGV VIOLATION,4
555,ATTEMPT BY DRIVER TO ELUDE,4
556,POSS/REC WEAPON WHILE CONF/DET,4
557,ATTEMPTED UNARMED ROBBERY,4
558,CDS: POSSESSION,4
559,DOMESTIC VIOLENCE,4
560,VIOLATE PEACE ORDER,4
561,STOLEN LICENSE PLATE,4
562,FUGITIVE FROM JUSTICE - WEST V,4
563,ATTEMPT TO ELUDE POLICE,4
564,MURDER - 1ST DEGREE,4
565,FEDERAL REMAND,4
566,COMMON ASSALT,4
567,CDS-DIS,4
568,HGV CDS,4
569,FUGITIVE FROM JUSTICE: VA,4
570,CDS-DIST,4
571,COMMON ASSAULT (DOMESTIC),4
572,BURGLARY 4TH,4
573,COMM ASSAULT,4
574,ATT-KIDNAPPING,4
575,"CON-THEFT: $100 TO UND $1,500",4
576,KNOW ALTER FIREARM ID NUMBER,4
577,URINATING IN PUBLIC,4
578,FUGITIVE FROM DELEWARE,4
579,FAILURE TO EXHIBIT PROOF OF PA,4
580,COMMERICAL BURGLARY,4
581,AGGRAVATED ASSAULT BY SHOOTING,4
582,1ST DEG MURDER,4
583,DISCHARGING FIREARM,4
584,ATT. B&E,4
585,1ST DEGREE RAPE,4
586,DIST COCAINE,4
587,DISTR. COCAINE,4
588,FRAUD ID INFO THFT $100-<1500,4
589,THEFT UNDER 1000,4
590,CDS POSS/COCAINE,4
591,FUGITIVE FROM JUSTICE: PA,4
592,DIST HEROIN,4
593,FUGITIVE FROM JUSTICE VA,4
594,TEL MISUSE:SINGLE CALL,4
595,DISORDELY,4
596,"THEFT: $100,000 PLUS",4
597,B&E RESIDENTIAL,4
598,POSS. OF STOLEN AUTO,4
599,AGG ASSULT,4
600,RIFLE/SHOT-POSS W/FEL CONV,4
601,IDENTITY THEFT,4
602,ARSON THREAT,4
603,CDS POSS. COCAINE,4
604,DRIVING ON REVOKED LICENSE,4
605,VIOLATION OF INTERIM PROTECTIV,4
606,UNAUTHORIZED USE OF MOTOR VEHI,4
607,DRIVING UNDER THE INFLUENCE,4
608,FIREARMS VIOLATION,4
609,LITTERING,4
610,POSS WITH INTENT COCAINE,4
611,ATT DIST,4
612,FAILURE TO REMAIN AT SCENE OF,4
613,FUGITIVE FROM CALIFORNIA,4
614,DV ASSAULT,4
615,AGGRAVATED  ASSAULT,4
616,HIT & RUN,4
617,DANGEROUS WEAPON-CONCEAL,4
618,DRIVING ON SUSPENDED LIC.,4
619,ASSAULT AND ROBBERY,4
620,DIST,4
621,2ND DEGREE ASSULT,4
622,CDS PWI COCAINE,4
623,THEFT LESS THAN 100,4
624,AGGREVATED ASSAULT,4
625,POSSESS/ISSUE  FORGED CURRENCY,4
626,CDS: POSSESSION MARIJUANA,4
627,RESIDENTIAL B+E,4
628,ILLEGAL POSS OF AMMO,4
629,SEXUAL CHILD ABUSE,4
630,HUMAN TRAFFICKING-TAKE CAUSE,4
631,DETAIN ONLY FOR BALTIMORE CO.,4
632,HGV/STOLEN AUTO,4
633,VIOLATION PROTECTION ORDER,4
634,STOLEN AUTO/HGV,4
635,VIOLATE EXPARTE/PROT ORDER-SUB,4
636,POSS. HEROIN,4
637,MURDER FIRST DEGREE,4
638,FUGITIVE FROM JUSTICE - NORTH,4
639,MANSLAUGHTER,4
640,COMMON ASSAUT,3
641,CON-MURDER-FIRST DEGREE,3
642,U/U LIVESTOCK MV ETC,3
643,DRIVING ON SUSP. LIC,3
644,FUGITIVE FROM JUSTICE: PENNSYL,3
645,MV THEFT,3
646,PROST.,3
647,CDS POSS. HEROIN,3
648,KNOWINGLY DRIVING UNINSURED VE,3
649,MALICIOUS DEST. OF PROPERTY,3
650,FAIL TO PERFORM CONTRACT,3
651,UTTERING FALSE DOCUMENT,3
652,DETAIN ONLY BALTIMORE CO.,3
653,ATTEMPT TO ELUDE,3
654,CDS ATT. DIST.,3
655,AFRAY,3
656,THEFT UNDER $1000.00,3
657,AGG. ASSAULT BY CUTTING,3
658,PWID HERION,3
659,THEFT AUTO,3
660,ASSLT 1ST/DOC EMPLOYEE ETC.,3
661,HANDGUN POSSESSION,3
662,BATTERY,3
663,CDS ATTEMPT DISTRIBUTION,3
664,LEWD ACT,3
665,DANGEROUS WEAPON,3
666,CON-FRAUD,3
667,CDS PWID NOT MARIJUANA,3
668,FAILURE TO STOP AT SCENE OF AC,3
669,FUGITIVE FROM JUSTICE FLORIDA,3
670,LARCERY,3
671,CDS COCAINE DIST,3
672,CDS POSS W/INTENT TO DIST,3
673,GUN OFFENDER FAIL REGISTER,3
674,PWID CDS VIOLATION,3
675,ATTEMPTED AGG ASSAULT,3
676,CDS POSSESSION/HEROIN,3
677,CHILD ABUSE:CUSTODIAN,3
678,CDS: POSSE MARIJUANA 10GM+,3
679,POSS W/ INTENT,3
680,THEFT UNDER 100.00,3
681,2ND DEGREE ASAULT,3
682,CDS PWID/ HGV,3
683,DOMESTIC LARCENY,3
684,DOMESTIC 2ND DEGREE ASSAULT,3
685,ATTEMPT AUTO THEFT,3
686,ATT-ARMED ROBBERY,3
687,UNAUTHORIZED USE OF VEHICLE,3
688,OBSTRUCTING,3
689,AGGRAVATED ASSAULT BY THREAT,3
690,FRAUD ID INFO THFT $1500-<25K,3
691,VIOLATION OF PRETRIAL RELEASE,3
692,ASSAULT SEC-DEGREE,3
693,MAL DEST PROPERTY,3
694,CDS POSS. W/ INT,3
695,RIFLE/SHOTGUN:UNREGISTERED,3
696,CDS DISTRIBUTION/COCAINE,3
697,FAIL TO REG GUN OFFENDER,3
698,ATT-THEFT LESS THAN $100.00,3
699,1 1111,3
700,DRIVING ON REVOKED LIC,3
701,FAILURE TO REGISTER,3
702,1ST DEGREE ASSUALT,3
703,CDS POSS W INT,3
704,POSS W/ INTENT TO DISTRIBUTE,3
705,LEAVING SCENE OF ACCIDENT,3
706,ATT CARJACKING,3
707,DETAINER ONLY,3
708,VIOLATION OF PROTECTION,3
709,INDUCE/INHIBIT TESTIMONY,3
710,FTA/MISDEMEANOR DEFENDANT,3
711,AGGRAVETED ASSAULT,3
712,ATT 1ST DEGREE MURDER,3
713,CDS POSSESSION NOT MARIJUANA,3
714,ATTEMPT 1ST DEGREE MURDER,3
715,STOLEN AUTO/CDS,3
716,FUGITIVE FROM JUSTICE - GEORGI,3
717,FUGITIVE FROM COLORADO,3
718,TRESSPASS,3
719,CDS DIS,3
720,ASSAULT/ROBBERY,3
721,CDS/POSS COCAINE,3
722,CONTRIBUTE TO COND OF CHLD,3
723,VIOLATION EXPARTE,3
724,RECOVERED STOLEN TAG,3
725,POSSESSION OF AMMUNITION,3
726,FUGITIVE FROM JUSTICE NEW YORK,3
727,FTA/MISD DEF/WITNESS,3
728,FLSE STMNT TO OFFICER CAUSE,3
729,ASLT 1ST DEG,3
730,DISTRIBUTION OF MARIJUANA,3
731,RAPE 2ND DEGREE,3
732,MAL DESTRUCTION OF PROPERTY,3
733,4TH DEG SEX OFFENSE,3
734,ASSAULT & ROBBERY,3
735,FIRST DEG ASSAULT,3
736,POSSESSION ALPRAZOLAM,3
737,ASSAULT AGG,3
738,CDS WITH INTENT,3
739,ASSAULT ON OFFICER,3
740,CDS: OBTAIN BY FRAUD,3
741,CDS: POSS-MARIJUANA,3
742,POSS W/INT HEROIN,3
743,"THEFT UNDER $1,000",3
744,ASSAULT- 2ND DEGREE,3
745,"ATT-THEFT: $1,500 TO UND $25K",3
746,FUGITIVE FROM JUSTICE: VIRGINI,3
747,MAL DEST OF PROPERTY,3
748,LITTER/DUMP: UNDER 100 LBS,3
749,SEC- DEGREE ASSAULT,3
750,THEFT OVER $1500,3
751,4 DEGREE BURGLARY,3
752,CDS:P W/I DIST:NARC,3
753,FAILURE TO OBEY COURT ORDER,3
754,DRIVING/ATTEMPTING TO DRIVE MO,3
755,CHILD ENDANGERMENT,3
756,CDS/HANDGUN,3
757,CDS POCESSION,3
758,FAILURE TO OBEY AN ORDER OF TH,3
759,BURGLARY-FOURTH DEGREE,3
760,CDS ATT. DIST,3
761,ATT LARCENY,3
762,DIST OF HEROIN,3
763,FAILURE TO RETURN TO & REMAIN,3
764,POSS,3
765,FUGITIVE FROM JUSTICE - FLORID,3
766,CDS/PWI,3
767,ASSAULT DOMESTIC,3
768,4TH BURGLARY,3
769,LEAVING THE SCENE OF AN ACCIDE,3
770,FAILURE TO REGISTER GUN OFFEND,3
771,FUGITIVE FROM GEORGIA,3
772,FUGITIVE FROM JUSTICE - NEW YO,3
773,POSS/REC CDS WHILE CONF/DET,3
774,ATTEMPTED B&E,3
775,PWI HEROIN,3
776,CR NEG MANSLGHTR VEH/VESS,3
777,COMMON ASSAULT (DV),3
778,BURGULARY,3
779,THEFT UNDER $500,3
780,FUGITIVE FROM JUSTICE - SOUTH,3
781,TEMP FED,3
782,MACE/CHEM DEVICE-INT/INJURE,3
783,FLEE AND ELUDING,3
784,4TH DEG B&E,3
785,ATTEMPT AGGRAVATED ASSAULT,3
786,ACT AS CONTRACTOR W/O LICNS,3
787,THEFT FROM AUTO,3
788,HARASS FOL. ANOTH W/INT TO,3
789,CDS POSS MARIJUANA,3
790,POSS W/INTENT TO DIST,3
791,AGG ASSAULT 1ST DEGREE,3
792,AGG ASSAULT BY SHOOTING AT,3
793,UNARMED COMMERCIAL ROBBERY,3
794,FRAUD-PER.IDENT.AVOID PROS,3
795,BURGLARY 2ND DEGREE,3
796,ATTEMPT B & E,3
797,DRIVING WHILE IMPAIRED BY ALCO,3
798,ROBBERY UNARMED,3
799,THEFT OVER $1000,3
800,ATTEMPT BREAKING AND ENTERING,3
801,VEHICLE THEFT,3
802,CDS:POSS PARAPHERNALIA,3
803,CUTTING,3
804,CDS: POSSESS-NOT CANNABIS,3
805,HAND GUN,3
806,POSS HANDGUN,3
807,ASSAULT BY SHOOTING AT,3
808,ATT-HOME INVASION,3
809,ATT-KIDNAP-CHILD UNDER 16,3
810,ABDUCT CHILD/RELATIV IN ST,3
811,FAILING TO OBEY,3
812,POSS STOLEN VEHICLE,3
813,POSS. CDS,3
814,DV COMMON ASSAULT,2
815,PENNSYLVANIA,2
816,4TH DEG. BURGLARY,2
817,ATT. ARMED CARJACKING,2
818,ATTEMPT ARMED COMMERCIAL ROBBE,2
819,LEAVING THE SCENE OF ACCIDENT,2
820,CDS POSSESS,2
821,FUGITIVE FROM JUSTICE-VIRGINIA,2
822,FUGITIVE FROM JUSTICE- PENNSYL,2
823,FUGITIVE FROM PA.,2
824,CDS - DIST,2
825,ELUDE UNIFORMED POLICE,2
826,AGG ASSAULT CUTTING,2
827,PHARMACY W/O LIC,2
828,VIOL OF PEACE ORDER,2
829,CDS VIOLTION,2
830,FAIL TO REGISTER,2
831,ATTEMPTED RAPE,2
832,DRIVING ON SUSPENDED,2
833,HGV-CDS,2
834,2 ND DEGREE ASSAULT,2
835,CDS POSS/HEROIN,2
836,NARCOTICS VIOLATION,2
837,CON-MURDER,2
838,FLEEING ON FOOT,2
839,SEX OFF 4TH DEG-SEX ACT 14/15Y,2
840,FUGITIVE FROM NJ,2
841,B&E 4TH,2
842,CDS DIST/PWID,2
843,FALSE STMT STATE OFFICIAL,2
844,DOMESTIC/COMMON ASSAULT,2
845,DRIVING WRONG DIRECTION ON ONE,2
846,DETAIN ONLY FOR BALT CO.,2
847,DEATIN ONLY,2
848,CDS/POS,2
849,FAIL REGISTER GUN OFFENDER,2
850,CDS ATT. DISTRIBUTION,2
851,ATT-ASSAULT-FIRST DEGREE,2
852,POSS. STOLEN AUTO,2
853,FIRST DEGREE BURGLARY,2
854,MALICIOUS DEST OF PROPERTY,2
855,POSS. W/INTENT,2
856,POSS OF FIREARM,2
857,DRI W/O LIC,2
858,ATT BY DRIVER TO ELUDE POLICE,2
859,ACT AS CONTRCTOR W/O LICNS,2
860,ACCESSORY AFTER THE FACT,2
861,DETAIN ONLY CECIL COUNTY,2
862,DRIVING UNINSURED VEHICLE,2
863,FUGITIVE FROM JUSTICE- PA,2
864,FUGITIVE FROM JUSTICE - TEXAS,2
865,FRAUD ID INFO THFT $100-<$1500,2
866,ATT-FAILURE TO APPEAR,2
867,VIOLATE EXPARTE,2
868,CDS CONS DIST,2
869,IST DEGREE ASSAULT,2
870,HGV / CDS,2
871,CDS DIST MARIJUANA,2
872,SEXUAL SOLICITATION OF A MINOR,2
873,"(DRIVING, ATTEMPTING TO DRIVE)",2
874,BURG TOOLS-MOT. VEH/POSS,2
875,FUGITIVE FROM GA,2
876,ARMED ROBEERY,2
877,THEFT - ATTEMPT,2
878,ASSAULT WITH DEADLY WEAPON,2
879,1ST DEG. MURDER,2
880,ATT. BURGLARY,2
881,POSS. MARIJUANA,2
882,CDS VIOLATOIN,2
883,THEFT-SCHEME: LESS $1000,2
884,OPERATING UNREGISTERED MOTOR V,2
885,1ST DEGREE ATT MURDER,2
886,RECOVERED STOLEN,2
887,2ND DEGREE B&E,2
888,UARMED ROBBERY,2
889,CD,2
890,DRIVING ON SUSP LIC,2
891,POSS AMMO,2
892,INMATE CAUSE CONT W/ BODY FLUI,2
893,ATTEMPT ARSON,2
894,CONSP DIST CDS,2
895,CDS VIOLATON,2
896,"BD CK/ISSUE/NSF/$1,500-<$25K",2
897,POSS MARIJUANA +10 GRAMS,2
898,CDS POSS W/ INTENT,2
899,FUGITIVE FROM JUSTICE DELAWARE,2
900,ATT. 1ST DEGREE MURDER,2
901,GRAND THEFT AUTO,2
902,1ST. DEGREE ASSAULT,2
903,PROTECTIVE ORDER VIOLATION,2
904,DISORDERLY INTOXICATION,2
905,PRESC OBTN CONCEAL/FALSE INFO,2
906,POSSESSION OF A STOLEN VEHICLE,2
907,DETAIN ONLY BAL CO,2
908,CDS/ATT DISTRIBUTION,2
909,POSS OF COCAINE,2
910,FUGITIVE FROM OHIO,2
911,SEX OFFENSE 4TH DEGREE,2
912,"CDS POSSESSION, NOT MARIJUANA",2
913,DRIVING WITHOUT LIC,2
914,AGGRAVATED ASSAULT (DOMESTIC),2
915,UNARMED CAR JACKING,2
916,FAILURE TO STOP VEHICLE AT SCE,2
917,CDS POS,2
918,2ND DEG ASLT,2
919,BURGLARY-4TH DEGREE/TOOLS,2
920,UNSAFE LANE CHANGE,2
921,STOLEN AUTO TAGS,2
922,CDS POSSESSION: NOT MARIJUANA,2
923,ATT. UNARMED ROBBERY,2
924,PHARMACY W/O LICENSE,2
925,SEC. DEGREE ASSAULT,2
926,RETALIATE-WITNESS MISDEMEANOR,2
927,FUGITIVE VIRGINIA,2
928,ASLT 2ND DEG,2
929,ASLT,2
930,FAILURE APPEAR,2
931,CAR THEFT,2
932,COCAINE,2
933,DETAIN ONLY BALTO CO,2
934,AGG ASSAULT ON POLICE,2
935,VEHICULAR MANSLAUGHTER,2
936,COMM ARMED ROBBERY,2
937,DIST-CDS,2
938,VIOLATION OF COURT ORDER,2
939,COMMON,2
940,FAILURE OBTAIN CIGARETTE LICEN,2
941,AGGRAVATED ASSAULT BY POINT,2
942,AGG. ASSULT,2
943,AUTO MANSLAUGHTER,2
944,1ST DEG BURGLARY,2
945,POSS. W/INT HEROIN,2
946,COMMON ASAULT,2
947,FUGITIVE FROM ALABAMA,2
948,ESCAPE,2
949,HANDGUN VIOLATIONS,2
950,ATT TO ELUDE POLICE,2
951,MURDER 1ST DEG,2
952,FUGITIVE FROM JUSTICE- NEW YOR,2
953,ATT- ROBBERY,2
954,DRIVING ON SUS LICENSE,2
955,UNATHORIZED USE,2
956,POSSESSION OF MARIJUANA,2
957,BURG 4TH DEG,2
958,ATT-ESCAPE - SECOND DEGREE,2
959,WAGES: FAIL TO PAY REGULARLY,2
960,B + E,2
961,ATT-BURGLARY-FIRST DEGREE,2
962,PELLET GUN VIOLATION,2
963,FIREARMS-ACCESS BY MINORS,2
964,BURGLARY- 4TH DEGREE,2
965,CDS VIOATION,2
966,ATT POSS/REC CDS WH CONF/DET,2
967,BREAKING ENTERING,2
968,DISARM LAW OFFICER,2
969,DOMESTIC,2
970,FAILURE TO OBEY ORDER,2
971,CDS VIOLATION/HGV,2
972,ATTEMPT THEFT,2
973,AGG ASSAULT/CUTTING,2
974,POSS W/I HEROIN,2
975,"ATT-MAL DEST PROP/VALU - $1,00",2
976,DRIVING W/O REQ LICENSE,2
977,DRIVING W/O LICENSE (FTA),2
978,ATTEMPTED 1ST DEGREE MURDER,2
979,NEGLIGENT DRIVING,2
980,COMM ROBBERY,2
981,DIST MJ,2
982,CDS VIOLATTION,2
983,DRIVING WHILE SUSPENDED,2
984,CDS ATT. DIST. COCAINE,2
985,FUGITIVE FROM JUSTICE- VA,2
986,LARCENY AUTO,2
987,POSS HERION,2
988,ARSON-TRASH CONTAINERS,2
989,POSS DEADLY WEAPON,2
990,CDS/ PWID,2
991,CDS/ HGV,2
992,DISCHARGE FIREARM,2
993,CHILD ABUSE PHYSICAL,2
994,SEX OFF 4TH- PERS POS AUTH,2
995,ESCAPE - FIRST DEGREE,2
996,ASSAULT + ROBBERY,2
997,CDS PWID NARCOTICS,2
998,CDS POSSESSION W/INTENT TO DIS,2
999,POSS. W/I,2
1000,HUMAN TRAFFIC-BENEFIT FINANC,2
1001,CDS POSSESSION; NOT MARIJUANA,2
1002,BURGLARY - 4TH DEGREE,2
1003,CDS/DIST,2
1004,CDS POSS: NOT MARIJUANA,2
1005,ASSAULT 2ND DEG.,2
1006,FUGITIVE NEW JERSEY,2
1007,DIST. OF HEROIN,2
1008,FALSE REPORT,2
1009,FUGITIVE FROM JUSTICE-NEW JERS,2
1010,AGGRAVATED ASSULT,2
1011,CDS PWI MARIJUANA,2
1012,ARSON 1ST DEGREE,2
1013,1ST DEGREE ATTEMPT MURDER,2
1014,CON-BURGLARY-4TH DEG-DWELL,2
1015,ARMED ROBBERY COMMERCIAL,2
1016,ATT. DISTRIBUTION,2
1017,ATT AGGRAVATED ASSAULT,2
1018,DETAIN ONLY HARFORD CO.,2
1019,ARMES ROBBERY,2
1020,!ST DEGREE ASSAULT,2
1021,ATTEMPTED THEFT,2
1022,CON-CDS: POSS W/I DIST: NARC,2
1023,ASSAULT-1ST DEGREE,2
1024,LARCENY ATTEMPT,2
1025,1ST ASSAULT,2
1026,ATT-ARSON 2ND DEGREE,2
1027,CHILD ABUSE-1ST: DEATH >13,2
1028,WITNESS INTIMIDATION,2
1029,PROST,2
1030,DIST. MARIJUANA,2
1031,2ND DEGREE MURDER,2
1032,DOMESTIC RELATED COMMON ASSAUL,2
1033,PUBLIC URINATION,2
1034,CDS DIST/COCAINE,2
1035,CDS: PWID COCAINE,2
1036,POSS BB GUN,2
1037,FUGITIVE PENNSYLVANIA,2
1038,FUGITIVE FROM JUSTICE - OHIO,2
1039,B & E BURGLARY,2
1040,CON-ARMED CARJACKING,2
1041,DRIVING WHILE IMPAIRED BY CONT,2
1042,FUGITIVE FROM CHESTER CITY PA,2
1043,AGGRESSIVE PANHANDLING,2
1044,AGGERVATED ASSAULT,2
1045,AGG ASSAULT (CUTTING),2
1046,1 DEGREE ASSAULT,2
1047,THEFT UNDER $100.,2
1048,CON-CDS DIST-NARC,2
1049,CDS POSSESSION WITH INTENT TO,2
1050,CDS DISTRIBUTION COCAINE,2
1051,UNAUTHORIZED USE STOLEN AUTO,2
1052,POSSESSION W/ INT,2
1053,POSSESSION COCAINE,2
1054,ATTEMPT DISTRIBUTION,2
1055,FUG FROM VIRGINIA,2
1056,HANDGUN VIOL,2
1057,"CON-THEFT SCHEME: $1,500 TO <$",2
1058,DETAIN OMLY,2
1059,ATT. LARCENY FROM AUTO,2
1060,CDS POSS (NOT MARIJUANA),2
1061,POSS. STOLEN TAG,2
1062,FUGITIVE FROM JUSTICE- VIRGINI,2
1063,FUGITIVE FROM INDIANA,2
1064,DISCHARGING,2
1065,FUGITIVE NORTH CAROLINA,2
1066,AGGERATED ASSAULT,2
1067,DETAIN FOR BALTIMORE COUNTY,2
1068,ASSSAULT,2
1069,AGG ASSAULT POINTING,2
1070,B&E 4TH DEGREE,2
1071,FAILURE TO STOP,2
1072,STOLEN PROPERTY,2
1073,ASSAULT (DOMESTIC),2
1074,FAIL TO EXHIBIT PROOF OF PAYME,2
1075,FUGITIVE FROM FAIRFAX VIRGINIA,2
1076,FUGITIVE FROM ARIZONA,2
1077,PELLET GUN,2
1078,CDS POSS W/I,2
1079,RESIDENTIAL B & E,2
1080,AGGRVATED ASSAULT,2
1081,POSSESSION/INTENT HEROIN,2
1082,ATTEMPT RAPE,2
1083,FUGITIVE FROM JUSTICE - ALABAM,2
1084,FIREARM POSS,2
1085,PWIT CDS NOT MARIJUANA,2
1086,CDS:PWID,2
1087,COMMERICAL ROBBERY,2
1088,ARMED BANK ROBBERY,2
1089,VIOLATION OF A COURT ORDER,2
1090,POSS W/INTENT MARIJUANA,2
1091,RESIST ARREST,2
1092,CDS / HANDGUN VIOLATION,2
1093,CDS:DIST-NARC,2
1094,POSS W/INTENT HEROIN,2
1095,ATT-ARMED CARJACKING,2
1096,POSS. OF STOLEN VEHICLE,2
1097,PWID-CDS,2
1098,POSS WITH INTENT HEROIN,2
1099,CON-BURGLARY-4TH DEG-STORE,2
1100,WEAPONS VIOLATION,2
1101,ASSAULT SECOND DEG,2
1102,VIOLATION OF PROTECIVE ORDER,2
1103,VUL ADULT ABUSE/CUSTODIAN,2
1104,FAIL TO EXHIBIT PROOF OF PAY,2
1105,POSSESSION OF A STOLEN AUTO,2
1106,STOLEN  AUTO,2
1107,ASSUALT SEC DEGREE,2
1108,ARMED ROBBERY/HGV,2
1109,CDS DIST NARCOTICS,2
1110,CDS DIST: COCAINE,2
1111,FELONY LARCENY,2
1112,CDS VIOLATION PWID HEROIN,2
1113,CDS VVIOLATION,2
1114,ASSAULT - 2ND DEGREE,2
1115,HVG,2
1116,POSS WITH INTENT TO DISTRIBUTE,2
1117,1 ST DEGREE ASSAULT,2
1118,MAL DESTR PROP VALUE + $300,2
1119,CRIME OF VIOL-PREGNANT PERS,2
1120,DETAN ONLY,2
1121,GUN OFFENDER FAIL TO REGISTER,2
1122,B &E,2
1123,VIOLATION OF PROTECTIVE,2
1124,UNARMED COMM ROBBERY,2
1125,HANG GUN VIOLATION,2
1126,FAIL TO REG OFFENDER,2
1127,ATTEMPT DISTRIBUTION CDS,2
1128,MURDER-SECOND DEGREE,2
1129,CDS DISTRIBUTION/HEROIN,2
1130,PARENTAL ABDUCTION,2
1131,STRONG ARM ROBBERY,2
1132,AGG ASSAULT BY SHOOTING,2
1133,POSS W/INTENT TO DIST COCAINE,2
1134,BURGLARY - GENERAL,2
1135,POSS/REC TELECOM DEV,2
1136,CDS VILOATION,2
1137,FUGITIVE FRON PENNSYLVANIA,2
1138,FUGITIVE FROM MAINE,2
1139,ATT. ARMED ROBBERY,2
1140,VIOLATION,2
1141,ELEC CO TMPR W /EQUIP/FAC,2
1142,POSS CDS (NOT MARIJUANA),2
1143,FUGITIVE FROM NY,2
1144,POSSESSION OF STOLEN TAG,2
1145,FAILURE TO REMAIN AT THE SCENE,2
1146,NARCOTICS,2
1147,FAILURE TO RETURN AND REMAIN A,2
1148,TELEPHONE MISUSE,2
1149,ATT B&E,2
1150,ASSAULT 2 DEGREE,2
1151,ATTEMPT FIRST DEGREE MURDER,2
1152,2ND DEG RAPE,2
1153,RAPE 2ND,2
1154,FAILURE TO IMMEDIATELY RETURN,2
1155,"THEFT OVER $1,000",2
1156,FAIL REG. GUN OFFENDER,2
1157,DRIVING STOLEN VEHICLE,2
1158,FAILURE OF VEH. DRIVER TO STOP,2
1159,ASSAULT W/ DEADLY WEAPON,2
1160,DOMESTIC VIOLENCE ASSAULT,2
1161,FUGITIVE FROM NC,2
1162,OPERATING A STOLEN VEHICLE,2
1163,UNAUTHERIZED USE,2
1164,FIREARM DRUG TRAFFICKING,2
1165,CDS POSSESSION/COCAINE,2
1166,DIST OF COCAINE,2
1167,1ST DEGREE ASSULT,2
1168,FTO/DISORDERLY,2
1169,FAILING TO STOP,2
1170,HANGUN VIOLATION,2
1171,THEFT LESS THAN $1000,2
1172,RECOVERED STOLEN PROPERTY,2
1173,CDS DIST. COCAINE/HEROIN,2
1174,CDS MARIJUANA DIST,1
1175,HGV CDS TRAFFIC,1
1176,ATT. TO ELUDE UNIFORM POLICE,1
1177,BURGLARY RESIDENTIAL,1
1178,CDS  DISTRIBUTION,1
1179,MAY NOT DISCHARGE PELLET GUN,1
1180,CDS VIOLATION: DISTRIBUTION,1
1181,ATTEMPTED CARJACKING,1
1182,FAILURE TO OBEY A LAWFUL ORDER,1
1183,DRVING W/O LICENSE,1
1184,THEFT LESS THAN 150.00,1
1185,CDC DIST,1
1186,DRIVING  WITHOUT LICENSE,1
1187,CDS VIOLATION/PWID,1
1188,CAMMON ASSAULT,1
1189,FUG FROM ALABAMA,1
1190,UNAUTHORIZED USE-MOTOR VEHICLE,1
1191,POSSESSION STOLEN PROPERTY,1
1192,BREAKING & ENTRY,1
1193,DETAIN ONLY FOR BALT. CO SO,1
1194,ASSULT 2ND DEGREE,1
1195,DISTURB THE PEACE/DISORDERLY,1
1196,HGV/ CDS VIOLATION,1
1197,DRIVING W/OUT A LICENSE,1
1198,D.U.I.,1
1199,HGV POSS OF BB GUN,1
1200,MALICIOUS BURNING 2ND DEGREE,1
1201,IMPERSONATING POLICE,1
1202,FTO/DISPORDERLY,1
1203,DISTRIBUTION HEROIN,1
1204,ASSAULT II,1
1205,MURDER 1,1
1206,POSSESS/ ISSUE FORGED CURRENCE,1
1207,ATTEMPT ESCAPE,1
1208,LARCENY SHOPLIFTER,1
1209,SENCOND DEGREE ASSAULT,1
1210,RESISTING ARRESTING,1
1211,THEFT OVER 1600.00,1
1212,AGG PANHANDLING,1
1213,PWID FIREARMS,1
1214,POSS DANGEROUS WEAPON,1
1215,DISORDERLY CODUCT,1
1216,4TH DEGREE BURLARY,1
1217,CDS POSS NARC,1
1218,ATT UNAUTHORIZED VEH W/INTENT,1
1219,BB GUN POSSESSION,1
1220,HGV/TRAFFICATING CDS VIOLATION,1
1221,DIRT BIKE- DRIVING,1
1222,TREPASS PUB AGNCY DUR HRS,1
1223,POSS/INT MARIJUANA,1
1224,SHOOTING,1
1225,TRAFFIC VIOLATION DUI,1
1226,TRAFFIC/RESISTING ARREST,1
1227,1ST DEGREE MURGER,1
1228,HDV,1
1229,DRUNKEN DISORDERLY,1
1230,PERSON DRIVING ON REVOKED LICE,1
1231,UNAUTHORIZED DISPLAY AND USE O,1
1232,ILLEGAL POSSESSION OF FIREARM,1
1233,MURDER IN THE FIRST DEGREE,1
1234,UNLAWFUL TAKING OF MOTOR VEHIC,1
1235,CDS & HANDGUN VIOLATION,1
1236,DISORDERLY CONDUCTED,1
1237,FALSIFYING IMFORMATION,1
1238,CDS/GAMBLING,1
1239,CDS POSSESS - LG AMT,1
1240,COMMERCIAL BUGLARY,1
1241,DETAIN ONLY FOR QUEEN ANNE'S C,1
1242,CRED CD/ANOT CHG $1500-<25K,1
1243,COMMON ASSAULT DV,1
1244,FLEEING AND ELUDING/ASSAULT ON,1
1245,CDS PWD,1
1246,STOLEN PLATES,1
1247,PERSON DRIVING MOTOR VEH ON S,1
1248,PWID FENTANYL,1
1249,ATT-FAIL REG OFFENDER/FLSE INF,1
1250,DDRIVING/ATTEMPTING DRIVE MOTO,1
1251,HGV USE/FEL-VIOL CRIME,1
1252,CURRENCY:MANUFACTURE/COUNTERFE,1
1253,BB GUN VIOL.,1
1254,ATT-CDS-DIST,1
1255,CDS POSS W/ INTENT\,1
1256,ILLEGAL DUMPING,1
1257,VOP/DESTRUCTION OF PROPERTY,1
1258,B&E 2ND DEGREE,1
1259,COMM B AND E,1
1260,POSS W/INTENT HANDGUN,1
1261,ATT ARSON,1
1262,FAILURE TO STOP AT ACCIDENT,1
1263,ABUSE OF VULNERABLE ADULT,1
1264,DRUNK AND DISORDERLY,1
1265,VIOLATION OF A PROTECTION/PEAC,1
1266,DRIVING/ATTEMPTING ON HWY W/0,1
1267,CDS POSS W/ INTENT TO DIST.,1
1268,1 5299,1
1269,ATT MURDER 1ST DEGREE,1
1270,CDS PWID MARIJUANA,1
1271,AGRRIVATED ASSAULT,1
1272,FAILURE TO RETURN TO ACCIDENT,1
1273,DRIVING ON A REVOKED LIC,1
1274,CDS MARIJUANA +10GRMS,1
1275,THEFT/SHOPLIFTING,1
1276,FUGITIVE FROM JUSTICE - MISSIS,1
1277,DETAIN ONLY BALTIMORE COUNTY P,1
1278,POSSESION BB GUN,1
1279,DRIVING WITHOUT A  LICENSE,1
1280,DETAIN ONLY FROM BALTIMORE COU,1
1281,POSS OF BB GUN,1
1282,MAL. DESTRUCTION PROPERTY,1
1283,MAL. DEST. OF PROPERTY/ VALUE,1
1284,B+E COMMON ASSAULT,1
1285,CONSP TO DIST,1
1286,DEST. OF PROP.,1
1287,BD CK/UTTER/NSF/UND $500,1
1288,NEG.MANSL-AUTO/BOAT,1
1289,THEFT OVER 1000,1
1290,POSS W/INT. MARIJUANA,1
1291,FAILURE TO STOP AT RED CIRCULA,1
1292,ATTEMRT BY DRIVER TO ELUDE UNI,1
1293,REG FIREARM-ILLEGAL SALE/TRAN,1
1294,THEFT OVER 100,1
1295,FUGITIVE FROM DELEWARE PENNSYL,1
1296,ATT ARMED  PERSON,1
1297,DRIVING SUSPENDED LICENESE (FT,1
1298,FAILURE TO REG,1
1299,CDS PARAPHENALIA,1
1300,2ND-DEGREE ASSAULT,1
1301,CDS MARIJAUA,1
1302,ATT-CONTRABAND DELIVERY,1
1303,FALSE PRESCRIPTION,1
1304,FAILURE  TO COMPLY,1
1305,"ASSAULT, CDS POSS.",1
1306,FUGTIVE FROM JUSTICE PA,1
1307,FUGITIVE FROM MINNESOTA,1
1308,HAND-GUN VIOLATION,1
1309,POSS OF STOLEN PROP,1
1310,FUGITIVE FOR PENNSYLVANIA,1
1311,FUGITIVE FROM JUSTICE VIRGINA,1
1312,INTOXICATED ENDANGER,1
1313,HANDGUN VIOLATATION,1
1314,TEMP. FED. DETAINEE,1
1315,FLEEING/ELUDING/POSS.AMMO,1
1316,THEFT $100.00-$1499.00,1
1317,ASSAULT DV,1
1318,CDS/SEARCH & SEIZURE,1
1319,FELON IN POSSESSION OF AMMUNIT,1
1320,CDS VILATION,1
1321,MAL. DESTRUCTION OF PROPERTY,1
1322,CDS OBTAINED BY ALTERED PRESCR,1
1323,FUGITIVE FROM WESTMORELAND CO,1
1324,THEFT: OVER $1500.00,1
1325,ATT. DIST HEROIN,1
1326,FUGITIVE OKLAHOMA,1
1327,"BD CK/ISSUE/NSF/$1,000 TO <10K",1
1328,DRIVING WHILE IMPAIRED BY DRUG,1
1329,DESTRUCTIVE DEVICE,1
1330,CON-BURGLARY/2ND DEGREE/GENERA,1
1331,DOMESTIC B&E,1
1332,2ND DEGREE ASSAULT/DISORDERLY,1
1333,THEFT $1000 (STOLEN AUTO),1
1334,ELUDE OFC BY FAILING TO STOP,1
1335,THEFT OVER $100,1
1336,LARCENY OF PACKAGE,1
1337,CONSP CDS DIST,1
1338,POSS W/ INTENT -COCAINE,1
1339,THEFT OF SERVICES GREATER THAN,1
1340,MAL DESTR PROP VALUE,1
1341,ATTEMTED BURGLARY,1
1342,THEFTOVER $100,1
1343,INTOXICATED ENDANGERMENT,1
1344,CONSPIRACY TO COMMIT AGG ASSAU,1
1345,POSS NOT MARIJUANNA,1
1346,ATT. ROBBERY,1
1347,CDS POSS W/INENT TO DISTRIBUTE,1
1348,CDS DIST CONSP,1
1349,CDS CONSP DIST,1
1350,FAIL TO STOP AFTER ACCIDENT AT,1
1351,PWID. MARIJUANA,1
1352,PRES ILL POS W/IN DIST,1
1353,DIST.COCAINE,1
1354,DRIV. W/O LIC,1
1355,UNAUTHORIZED USE OF AUTO,1
1356,DRIVING W/O REQ. LICENSE,1
1357,M/V THEFT,1
1358,AGG/ASSAULT (DV),1
1359,FROM NORTH CAROLINA,1
1360,SECOND DEGREE RAPE,1
1361,DIST  HEROIN,1
1362,CDS OBTN BY ALTER PRESCRIP,1
1363,DEST.OF PROP.,1
1364,FIREARM POSSESSION,1
1365,DOMESTIC RELATED SEX OFFENSE,1
1366,HGV/AGG ASSAULT,1
1367,COURT ORDER VIOLATION,1
1368,HANDGUN VIOLATION BY FELON,1
1369,CONSP 1ST DEGREE MURDER,1
1370,SUSPENDED LICENCE,1
1371,BURGLARY SECOND DEGREE,1
1372,DRUNK AND DISORDERLY CONDUCT,1
1373,FALSE STATMENT,1
1374,DIST. COCAINE,1
1375,CDS DISTRIBUTION HEROIN FENTAN,1
1376,CONCEALED WEAPON,1
1377,ATTEMPT COMMERICAL B&E,1
1378,FUGITUVE FROM NEW YORK,1
1379,ASSAULT AND BATTERY,1
1380,THEFT LESS,1
1381,DETAIN ONY BALTO.CO.SHERIFF,1
1382,SUSP. LICENSE,1
1383,AGGRAVTED ASAAULT,1
1384,AGG. ASSAULT BY CHOKING,1
1385,THREAT-SEND/DELIVER-INJURY,1
1386,CDS POSS W/I DIST NARC,1
1387,FUGITIVE FROM JUSTICE - DELWAR,1
1388,CDS: ATTEMPT DISTRO,1
1389,ATTEMPT DISTRIBUTE COCAINE,1
1390,FUGITIVE FROM CONNECTICUT,1
1391,FAILURE TO STOP AFTER AN ACCID,1
1392,RETALIATE WITNESS,1
1393,2ND DREGEE ASSAULT,1
1394,AMMO POSS,1
1395,DIST OF CDS,1
1396,CDS VIOLATION POSS,1
1397,CDS POSS. W/ INTENT,1
1398,TRAFFIC VIOLATION,1
1399,CDS PWID HEROIN COCAINE,1
1400,SCHOOL: TRESPASS ON GROUND,1
1401,DRIVING WO LICENSE,1
1402,CONSP. DIST CDS,1
1403,ASSAULT (DV),1
1404,DRIVING SUSPENDED,1
1405,POSSESSION FIREARM,1
1406,COMMUN ASSAULT,1
1407,BURGLARY  2ND DEG.,1
1408,LOADED HANGUN ON PERSON,1
1409,CDS POSS. HERION,1
1410,ATTEMPT UNMARMED ROBBERY,1
1411,HGV/CDS POSS,1
1412,LARCENY OVER 500,1
1413,"FELONY THEFT OVER 1,000.00",1
1414,COMM. BURGLARY,1
1415,CDS DIST NOT MARIJUANA,1
1416,ATTEMPT FRAUD,1
1417,ARSON (THREAT),1
1418,ASSAULT 1ST DEGRESS,1
1419,POSSESION OF SCHEDULE I NARCOT,1
1420,DISCHARGING OF A PAINTBALL GUN,1
1421,FALSE ALARM OF FIRE,1
1422,CDS MANUF/DIST-NARC,1
1423,FLEEING AND ALLUDING POLICE,1
1424,UNAUTHORIZED USE OF VEH,1
1425,FAILURE OF VEHICLE DRIVER,1
1426,POSS W/INT TO DIST,1
1427,MUSIC HEARD FROM VEH. OVER 50,1
1428,CHILD NEGLECT RESULT DEATH,1
1429,THEFR/LORCENY,1
1430,CDS INTENT TO DISTRIBUTE,1
1431,FUGITIVE FROM PENNYSLVANIA,1
1432,FUGITIVE NEW YORK,1
1433,LEAVING THE SCENE OF A ACCIDEN,1
1434,COMM. ASSAULT,1
1435,CDS/POSS COAINE,1
1436,DRIVING ATTEMPT TO DRIVE ATV/S,1
1437,DRIVER FAILURE TO STOP AT STEA,1
1438,VIOLATION OF FINAL PEACE ORDER,1
1439,STATUTORY RAPE,1
1440,DETIN ONLY,1
1441,DESTRUCTION PROPERTY,1
1442,ILLEGAL POSSESSION AMMUNITION,1
1443,FAILURE TO STOP AT THE SCENE,1
1444,FAILURE STOP VEH. AT SCENE OF,1
1445,COMMON ASSAULT ON POLICE,1
1446,DETAIN FOR CALVERT CO SO,1
1447,DIST.CDS,1
1448,1 ST BURGLARY,1
1449,PROSTITUITON,1
1450,CDS- POSS,1
1451,CDS PWIP,1
1452,CONCEALED DEADLY WEAPON,1
1453,ATTEMPTED DISTRIBUTION,1
1454,CDS DISTRIBUTION NARCOTICS,1
1455,VIO OF PROTECTION ORDER,1
1456,CDS DIST FENXANYL,1
1457,DRIVING WHILE SO IMPAIRED,1
1458,CDA,1
1459,FAIL TO OBEY EXECUTIVE ORDER,1
1460,CDS ATT TO DIST.,1
1461,POSSESION OF STOLEN AUTO,1
1462,POSSESSION W/ INTENT,1
1463,CHILD ABUSE/ 2ND ASSAULT,1
1464,ASSAUNT 2ND DEGREE,1
1465,DRIVING WITH SUSP. LIC,1
1466,PWID MOT MARIJUANA,1
1467,DRIVING ON SUS,1
1468,FUGITVE FROM PENNSYLVANIA,1
1469,B&E /TRESPASSING,1
1470,DETAIN ONLY BALTO CO.PD,1
1471,FAIL TO REGISTER GUN,1
1472,UNARMED ATTEMPT ROBBERY,1
1473,POSSESSION W/INT HERION,1
1474,AGG ASSAULT 2ND,1
1475,DRIVING WITHOUT LIVENSE,1
1476,COOMON ASSAULT,1
1477,3RD DEGREE SEX OFFENSE,1
1478,VIOLATION PROT. ORDER,1
1479,DIST. HERION,1
1480,FRAUD-PER IDENT AVOID PAY,1
1481,CONSPIRACY DIST. CDS,1
1482,LARCENY / AUTO,1
1483,FAILURE TO STOP VEH. AT SCENE,1
1484,DOMESTIC ASSAULT 2ND DEGREE,1
1485,VIOLATION OF THE PROTECTIVE OR,1
1486,ATTEMPT ARMED ROBERRY,1
1487,ARMED ROBERY,1
1488,POSS/REC TELECOMM DEVICE,1
1489,1 DEG MURDER,1
1490,CDS MARIJUANA +10 GRAMS,1
1491,POSS W /INT MARIJUANA,1
1492,ASSAULT 1ST DEGREE (THREAT),1
1493,FAIL TO REGISTER GUN OFF,1
1494,LARCENY>1000,1
1495,AGGRAVATED ASSAULLT,1
1496,POSSESSION STOLEN TAGS,1
1497,STOLE ATUO,1
1498,POSS.OF MARIJUANA,1
1499,ATT.UNARM ROBBERY,1
1500,TRESSPASSING/DISORDERLY,1
1501,4TH DEG B+E,1
1502,PROTITUTION,1
1503,DRIVING ON PUB/ PRIV PROPERTY,1
1504,FAIL TO REG GUN,1
1505,CDS POSSESSION; MARIJUANA,1
1506,FAILURE TO REMAIN AT SCENE,1
1507,CDS/DIST.,1
1508,AGG ASSAULT POINTING AT,1
1509,CDS NARC PWID,1
1510,THREAT WITH DEADLY WEAPON,1
1511,FUGITITVE FROM JUSTICE - NEW J,1
1512,FUGITIVE  FROM JUSTICE - TEXAS,1
1513,DISORDERLY HOUSEHOLD,1
1514,CDS VIOLATIOM,1
1515,CDS POSSESION HEROIN,1
1516,BURGLARY: 4TH DEGREE,1
1517,POSS. W/INT. CDS,1
1518,FUGITIVR FROM JUSTICE VA,1
1519,DOMESTIC ASSAULT AND ROBBERY,1
1520,AGGREGATE ASSAULT,1
1521,DRIVING W/ LIC,1
1522,UNARMMED ROBBERY,1
1523,ATTEPMT COMMERCIAL ROBBERY,1
1524,CDS (MARIJUANA),1
1525,POSS. AMMO ILLEGAL,1
1526,HANDGUN VIALATION,1
1527,HANDGUN VIOALTION,1
1528,OPERATING UNREGISTERED VEHICLE,1
1529,ATTEMPTING DRIVING MOTOR VEH.W,1
1530,CDS - DISTRIBUTE,1
1531,LARCENY - $100,1
1532,FAILURE TO STOP VECHICLE AT AC,1
1533,PWID COCIANE/HEROIN,1
1534,VIOLATION EX PARTEE,1
1535,CDS. DISTRIBUTION,1
1536,ELUDE POLICE BY VEHICLE,1
1537,ASSAULT / TRESPASSING,1
1538,MOBILE VEHICLE THEFT,1
1539,CDS VFIOLATION,1
1540,THEFT OVER 500.,1
1541,DETAIN ONLY WICOMICO COUNTY,1
1542,"CSD, POSS. COCAINE",1
1543,DEADLY WEAPON W/INT,1
1544,FUGITIVE FROM JUSTICE: IDAHO,1
1545,ILL POSS AMMO,1
1546,POSSESSON OF STOLEN AUTO,1
1547,COMM NUIS/DISTRIB CDS,1
1548,"BD CK/PASS/NSF /$1,500-<$25K",1
1549,POSSESSION STOLEN VEHICLE,1
1550,VIOLATING PROTECTIVE ORDER,1
1551,ATT B & E,1
1552,DRIVER MAKING IMPROPER TURN AT,1
1553,THEFT: $100 TO UNDER $1500,1
1554,OBSTRUCTION OF INVESTIGATION,1
1555,FLEEING & ELUDING ON FOOT,1
1556,CDS POSSESION/DISTRIBUTION,1
1557,PWID MARIJAUNA,1
1558,POSS. W./INT,1
1559,CDS: CONSPIRACY,1
1560,AGG ASSAULT SHOOTING AT,1
1561,ATTEMPT COMMERCIAL ARMED ROBBE,1
1562,SEC DEG  ASSAULT,1
1563,ATT STOLEN AUTO,1
1564,CDS VIOALATION,1
1565,ATTEMPTED LARCENY,1
1566,BURGLARY 3RD DEGREE,1
1567,POSS OF STOLEN VEH,1
1568,DOMESTIC DESTRUCTION OF PROPER,1
1569,FAILURE TO IMMEDIATEL RETURN A,1
1570,CDS/PWID/HGV,1
1571,TEMPORARY FEDERAL DETAINEE,1
1572,TEMP FED DETANEE,1
1573,FALSE STATEMENT TO POLICE OFFI,1
1574,!ST DEGREE ASSAUALT,1
1575,EX PARTE VIOLATION,1
1576,ASSAULT WPNS DLR VIOLATION,1
1577,CDS /HANDGUN,1
1578,FAILURE TO RETURN TO SCENE OF,1
1579,ATT DIST MARIJUANA,1
1580,HGV/CDS VI-INTENT,1
1581,ARMED ASSAULT AND ROBBERY,1
1582,POSSESSION OF STOLEN HANDGUN,1
1583,FIREARM POSS W FELONY CONVI,1
1584,ATT-RAPE FIRST DEGREE,1
1585,CDS-NOT MARIJUANA,1
1586,DISORDERY,1
1587,POSSESION OF STOLEN TAGS,1
1588,FLEEING AND ELUDE,1
1589,DISCHARGING OF FIREARMS,1
1590,AGGRAVATED ASSAULTS,1
1591,DRIVING W O LICENSE,1
1592,AGGRAVATED ASSAULT (CUTTING),1
1593,4TH BREAKING AND ENTERING,1
1594,FAILED REG GUN OFFENDER,1
1595,POSSESSION OF CDS WITH THE INT,1
1596,FUGITIVE FROM PENNSYVANIA,1
1597,PWID: COCAINE,1
1598,POSSESSION OF A LOADED HANDGUN,1
1599,ATTEMPTED AUTO THEFT,1
1600,PROSTITTUTION,1
1601,AGG ASSUALT BY CUTTING (DOSMES,1
1602,CDS W/ INTENT,1
1603,POSSESSION OF COCIANE,1
1604,REOVERED STOLEN AUTO,1
1605,FOUR DEGREE BURGLARY,1
1606,ATTEMPT TO ELUDING UNIFORM POL,1
1607,INTIMIDATE/INFLUENCE JUROR-MIS,1
1608,CDS/ASSAULT ON POLICE,1
1609,CDS POSSESSION WITH THE INTENT,1
1610,POSSESS CDS,1
1611,LARCNEY,1
1612,PROSTITUTTION,1
1613,POSSESSION OF CDS NOT MARIJUAN,1
1614,DISTRUBUTION OF COCAINE,1
1615,SEX TRAFFIC-FORCE/FRAUD,1
1616,POSSESSION CDS-MARIJUANA MORE,1
1617,1ST DEGREE,1
1618,CDS POSS. OTHER,1
1619,BURGLARY (COMMERCIAL),1
1620,STOLEN ATUO,1
1621,BREAKING&ENTERING,1
1622,CDS DISTRUBUTION,1
1623,FAIL TO REG GUN OFFEND/UPDATE,1
1624,ASSAULT  2ND DEG,1
1625,POSS. WITH INT COCAINE,1
1626,MARIJUANA +10GRAMS,1
1627,FUGITIVE FROM JUSTICE - INDIAN,1
1628,FUGITIVE FROM JUSTICE: TEXAS,1
1629,THEFT L/T $1000,1
1630,CDS POSESSION W/ INT,1
1631,CDS MJ PWID,1
1632,HANDGUN FIREARMS VIOLATION,1
1633,CDS/PWID/HEROIN,1
1634,POSS W/INTENT COCAINE,1
1635,MOTOR VEHICLE UNLAWFUL TAKING,1
1636,2ND ASSAULT (DOMESTIC),1
1637,FUGITIVR FROM VIRGINIA,1
1638,COCAINE POSS,1
1639,ATT-CDS-DISTRIBUTE,1
1640,DRIVING/ATTEMPING DRIVE MOTOR,1
1641,AGGRAVATED ASSSAULT,1
1642,CDS PWID HEROIN/FENTANYL MIX,1
1643,AGG ASSAULT/ATTEMPT MURDER,1
1644,ATT CDS DIST-NARC,1
1645,ATTEMPT DIST MARJ,1
1646,CDS-POSS NOT MARIJUANA,1
1647,POSSESION STOLEN AUTO,1
1648,STOLEN AUTO/ V.V,1
1649,POSS OF HANDGUN,1
1650,CDS VIAOLATION,1
1651,POSS. HERION,1
1652,POSSESSION DEADLY WEAPON,1
1653,FAILURE TO OBEY/TRESPASS,1
1654,FAIL TO OBEY ORDER OF THE COUR,1
1655,COMMON ASSAULTH,1
1656,FAIL TO REGISTER GUN OFFENER,1
1657,ROBBERY(UNARMED),1
1658,CDS VIOLAITION,1
1659,COMMON ASSAULT 2ND,1
1660,ROBBERY (STRONG ARM),1
1661,CDS VIOTALION,1
1662,SMOKING ON TRANSIT,1
1663,ATT. DIST CDS,1
1664,CDS/DISTRIBUTION,1
1665,CDS - POSS OF FIREARMS,1
1666,CS VIOLATION,1
1667,CDS/FALSE STATEMENT,1
1668,ASSAUALT 2ND DEGREE,1
1669,POSS/ W/ INTENT COCAINE,1
1670,"LARCENY $500-1,500",1
1671,ATTEMP MURDER,1
1672,FALSE PRETENCE,1
1673,TRESPASSIN,1
1674,AGGRAVAVTED ASSAULT,1
1675,FALSE STATEMENT TO OFC,1
1676,CDS POSS (COCAINE/HEROIN),1
1677,POSS W/ INT,1
1678,THEFT (SHOPLIFTING ),1
1679,4TH DEGREE BURGLRY,1
1680,DIST MARIJAUNA,1
1681,ATT. FIRST DEGREE MURDER,1
1682,ASSAULT 2ND DOMESTIC,1
1683,CDS VOLATION,1
1684,DISTRIBUTION OF CDS,1
1685,POSS. STOLEN TAGS,1
1686,VIOLATED PROTECTIVE ORDER,1
1687,CDS PWI HEROINE,1
1688,FUGITIVE FROM JUSTICE-WEST VIR,1
1689,LARCENY U $100.00,1
1690,HANDGUIN VIOLATION,1
1691,CONSUME ALC BEV PUBLIC,1
1692,FAILURE TO VERIFY IFNORMATION,1
1693,ATTEMPT TO ELUDE POLICE AND FA,1
1694,CHILD PORN PROMOTE/DISTRB,1
1695,CD VIOLATION,1
1696,MOTOR VEHICLE UNLAW( STOLEN AU,1
1697,DIST. OF MARIJUANA,1
1698,POSS CDS W/ INT,1
1699,ATT DIST HEROIN,1
1700,SECOND DEGREE ASLT,1
1701,ATTEMPT COMMERCIAL UNARMED ROB,1
1702,BREAKING AND ENTERIMG,1
1703,FIRST DEGREE BUGLARY,1
1704,"THEFT $1,500 TO $24,999",1
1705,DESTRUCTION PF PROPERTY,1
1706,POSS/CDS,1
1707,DESTUCTION OF PROPERTY,1
1708,FUGITIVE FROM JUSTICE NY,1
1709,AUTO THEFT POSSESSION,1
1710,DETAIN ONLY BALTO CO.,1
1711,RAPE 1ST DEGREE,1
1712,VIOLATION OF A PROTECTIVE ODER,1
1713,ROBBERY/ASLT,1
1714,CDS POSSESTION W/INT,1
1715,UNAUTHORISED USE,1
1716,2ND DEG ESCAPE,1
1717,HINDERING/FAILURE TO OBEY,1
1718,DETAIN ONLY AA. COUNTY,1
1719,DETAIN ONLY FOR BAL CO,1
1720,ASSAULT COMMON DOMESTIC,1
1721,B&E COMMERICAL,1
1722,UNARMED ROBBERY CARJACKING,1
1723,KNOWINGLY FAILING TO SIGN ACKN,1
1724,A & R COMMERIAL,1
1725,HGV/PWID MARIJUANA,1
1726,CDS POSSESSION MARIJUANA,1
1727,FUGITIVE FROM JUSTICE LOUISANN,1
1728,DETAIN ONLY CARROLL CO.,1
1729,FUGITIVE FROM JUSITCE - VIRGIN,1
1730,THEFT OF A MOTOR VEHICLE,1
1731,VIOLATION OF PROT. ORDER,1
1732,P W/INT COCAINE,1
1733,POSS OF STOLEN PLATES,1
1734,RESIDENTIAL B/E,1
1735,HGV/UNAUTHORIZED USE,1
1736,PROSTITUION,1
1737,ROGUE AND VAGABAND,1
1738,GTA- STOLEN AUTO,1
1739,POSS. WITH INTENT TO DISTRIBUT,1
1740,DESTRUCTION OF PROPERTY LESS T,1
1741,2ND DEGREE ASSSAULT,1
1742,2ND DEGREE DOMESTIC ASSAULT,1
1743,DIST CDS / PWIT,1
1744,CON-FIREARM POSS W/FEL CONV,1
1745,LARENY,1
1746,VIOLATION OF EX-PARTE,1
1747,VIOLATION OF A PIECE ORDER,1
1748,FUGUTIVE PA,1
1749,POSS. WITH INT,1
1750,BREAKING AND ENTERING 2ND DEGR,1
1751,CDS-VIOLATION,1
1752,POSS.,1
1753,TEL MISUSE,1
1754,LEAVING THE SCENE ACCIDENT,1
1755,ELUDE POLICE BY FAILING TO STO,1
1756,DRIVING WHILE LIC SUSPENDED,1
1757,DIS CDS/PWIT,1
1758,PWID NOT MARIJUANA,1
1759,SUSPENDED LICENSE,1
1760,FUGITIVE FROM JUSTICE -PENNSYL,1
1761,FUGITIVE FROM JUSTIC,1
1762,DIST. HEROIN,1
1763,CONSP. TO DIST. HEROIN,1
1764,VIRGNIA,1
1765,MANUFACTURE CDS - NARCOTIC,1
1766,FUGIVITIVE FROM PA,1
1767,ATTEMPTRD LARCENY,1
1768,POSS INT MARIJUANA,1
1769,ATTEMPT 1 DEG. MURDER,1
1770,"THEFT UNDER 1,000",1
1771,AGG ASSAULT BY STABBING,1
1772,DRIVING REVOKED,1
1773,ATT CAR JACKING,1
1774,DRIVING WITHOUT REQUIRED LICEN,1
1775,DRIVING WIHTOUT LICENSE,1
1776,CDS: POSS W/I TO DIST,1
1777,BURGLARY - 4TH DEG.,1
1778,CD PWID,1
1779,FALSE STATEMENT TO AN OFFICER,1
1780,B&E RESIDENTAL,1
1781,TEM FED DETAINEE,1
1782,POSSESS ALCOHOL IN PUBLIC,1
1783,CDS POSS OTHER,1
1784,TRESSPASING,1
1785,ILLEGAL POSSESSION OF A FIREAR,1
1786,FAIL TO EXHIBIT PROOF,1
1787,EX-PARTE VIOLATION,1
1788,POSS-CDS,1
1789,POSS. STOLEN VEHICLE,1
1790,FAIL TO PROVIDE ID,1
1791,VIRGINIA,1
1792,ARMED ROBBERY AND MOTOR VEHICL,1
1793,CDS/ STOLEN AUTO,1
1794,FIRE ARMS VIOLATION,1
1795,UNAUTH. USE,1
1796,FUGITIVE FROM JUSTICE - MASSAC,1
1797,CDS ATT TO DIST,1
1798,TEMP FEDREAL DETAINEE,1
1799,CDS- DIST,1
1800,HAND GUN VIOLAATION,1
1801,POSS. STOLEN PROPERTY,1
1802,POSS INT COCAINE,1
1803,PRIV. PL.-PRURIENT INTENT,1
1804,CDS POSS OF HERION,1
1805,SOLICIT/ INTIMIDUTE WITNESS,1
1806,FAILING TO VERIFY,1
1807,RESIDENTAL B  & E,1
1808,2ND DEG ASSAULLT,1
1809,ATT. ASSAULT,1
1810,4TH DEG.BURG.,1
1811,VIOLATIOM OF PROBATION,1
1812,DRVING WRONG DIRECTION,1
1813,CDS DIST NARCO,1
1814,SHOPLFTING,1
1815,FUGITIV FROM PENNSYLVANIA,1
1816,ASSAULT - SEC DEGREE,1
1817,COCAINE DISTRIBUTION,1
1818,FAIL TO EXHIBIT,1
1819,4TH DEGREE B AND E,1
1820,CDS POSS (MARIJUANA),1
1821,POSS/AMMO,1
1822,ATT-ARSON/THREAT,1
1823,CDS PWID OTHER,1
1824,DETAIN ON;Y,1
1825,THEFT UNDER $1500,1
1826,ATT. THEFT,1
1827,DRIVING W SUSP LIC,1
1828,AGG ASSLT,1
1829,ELUDING POLICE BY FAILING TO S,1
1830,FUGITVE FROM JUSTICE VIRGINIA,1
1831,STOLE AUTO,1
1832,COMMON BREAKING AND ENTERING,1
1833,ATT-MURDER-SECOND DEGREE,1
1834,ATT. CDS DISTRBUTION,1
1835,CDS VIOLLATION,1
1836,2ND DREGREE ASSAULT,1
1837,SEXUAL ASSAULT 4TH DEGREE,1
1838,DETAIN ONLY BALT CO,1
1839,CDS ATT DIST COCAINE,1
1840,FAILURE TO RETURN TO A TRAFFFI,1
1841,HANDGUN VIOLATIONB,1
1842,TRESSPASS/THEFT,1
1843,FAILURE TO STOP AT ACCIDENT SC,1
1844,DRIV. ON SUSP.,1
1845,CDS VIOLVATION,1
1846,FUGITIVE FROM OKLAHOMA,1
1847,CDS  MARIJUANA,1
1848,RESIDENTIAL BREAKING AND ENTER,1
1849,ATT-CDS DISTRIBUTE - OTHER,1
1850,POSS OF XANAX,1
1851,OPEN CONTAINER FTO,1
1852,FAILURE TO STOP ELUDE POLICE,1
1853,FAILURE TO REMAIN OR RETURN TO,1
1854,CON-RECKLESS ENDANGGRMENT,1
1855,DISORDELY CONDUCT,1
1856,CDS POSSSSION,1
1857,CDS  DIST. HEROIN,1
1858,ATTEMPTED MURDER (2 COUNTS),1
1859,ATT. CDS DISTRIBUTION,1
1860,POSS  W/INT,1
1861,FUGITIVE FROM WEST VA,1
1862,COMMON ASSAULT DV RELATED,1
1863,ATT- ARMED CARJACKING,1
1864,ASSAULT BY SHOOTING,1
1865,THEFT LESS THAN,1
1866,LARCENY FROM ATUO,1
1867,STOLEN AUTTO,1
1868,VIOLATION PROTECTIOVE ORDER,1
1869,AGGRAVATED ASSULT BY POINTING,1
1870,DRIVING SUSPENDED LIC.,1
1871,DRIVING WHILE SUSP,1
1872,ASSAULT 1ST DEGREE MURDER,1
1873,COMMECIAL B & E,1
1874,ATT-SEX ABUSE MINOR,1
1875,ILLEGAL POSS. OF AMMO,1
1876,INTENT TO DISTRIBUTE,1
1877,FUCITIVE FROM JUSTICE: PENNSYL,1
1878,VIOL PROTECTION ORDER,1
1879,THIRD DEGREE BURGLARY,1
1880,BD CHECK/ISSUE/NSF 25K-<100K,1
1881,FAILED TO STOP AT ACCIDENT SCE,1
1882,VERBAL EXTORTION/THRT INJURY,1
1883,CDS POSS W/ INTENT TO DISTRIBU,1
1884,3RD DEG SEX OFFENSE,1
1885,DUI ALOCHOL,1
1886,DRIVING ON SUSPENDED OUT,1
1887,HAND GUN VIOLTION,1
1888,DRIVING ON SUSPENED LIC.,1
1889,CDS POSSESION-NOT MARIJUANA,1
1890,CDS VIOLATION: POSSESSION OF M,1
1891,HANDGUN POSSESSION PROHIBITED,1
1892,FAIL REG OFF/FALSE INFO-SUB OF,1
1893,"(DRIVING, ATT.TO DRIVE) VEH. W",1
1894,POSSESSION OF STOLEN PROP,1
1895,POSS W/ INT COCAINE,1
1896,CDS ATT DIST/ HEROIN,1
1897,CDS POSS W/INTENT TO DISTRBUTE,1
1898,CDS/DISTRIBUTION COCAINE,1
1899,THEFT/AGG ASSAULT,1
1900,FUGITIVE FORM JUSTICE- PA,1
1901,DESTRUTION OF PROPERTY,1
1902,2ND DEGREE ASSAUT,1
1903,"THEFT SCHEME: $100,000 PLUS",1
1904,CDS POSS. MARIJUANA,1
1905,FAIL TO REMAIN AT SCENE OF ACC,1
1906,ATT. AGG ASSAULT,1
1907,FAIL TO REGISTER SEX OFF,1
1908,PROSTITUTUTION,1
1909,4TH DEGREE B & E,1
1910,FAILURE TO ATTACH FRONT PLATE,1
1911,UNLAWFUL POSSESSION,1
1912,CDS VIOLATION DIST. MARIJUANA,1
1913,POSSESS  ALCOHOL IN PUBLIC,1
1914,VIOLATION  OF EXPARTE,1
1915,CDS DISTBUTION,1
1916,FRAUDULENT IDENTIFICATION,1
1917,CONS. DIST CDS,1
1918,DISTRIBUTION COCAINE/HEROIN,1
1919,FAIL VEH DRIVER IN ACC TO RPT,1
1920,B/E,1
1921,POSS OF FALSE DOCUMENTS,1
1922,THEFT 1500-2500,1
1923,COUNTERFEIT ITEMS,1
1924,SEOND DEGREE ASSAULT,1
1925,PERJURY/AFFID REQD MD RULE,1
1926,MAL DEST PPROP,1
1927,POSS/ISSUE FORGED CURRENCY,1
1928,CDS MOLLY,1
1929,ASSUALT 1ST DEGREE,1
1930,FAILTO PAY FINE,1
1931,POSS. W/I HEROIN,1
1932,MAL DESTR PROP VALUE + $500,1
1933,HGC/CDS,1
1934,CDS POSS OF COCAINE/HEROIN,1
1935,CONFINE UNATTENDED CHILD,1
1936,AGG. ASSAUT,1
1937,DETAIN ONLY FOR ALLEGANY CO,1
1938,GGRAVATED ASSAULT,1
1939,DETAIN ONLY FOR FREDERICK CO.,1
1940,CON CDS,1
1941,POSS W/ INTENT HEROIN,1
1942,OPERATIONS STOLEN VEHICLE,1
1943,ATTEMPTED 1ST DEG. MURDER,1
1944,STOLEN VEHICLE REGISTRATION PL,1
1945,POSS. W INTENT,1
1946,CDS:OBTAIN BY FRAUD,1
1947,POSS OF B.B. GUN,1
1948,DETAIN ONLY HARFORD CO. SHERIF,1
1949,BURGLARY COMMERCIAL,1
1950,AGGRAVATED ASSAUL,1
1951,ATT COMMERCIAL  B AND E,1
1952,VIOLATION OF PRE-TRIAL RELEASE,1
1953,FUGITIVE FROM FAIRFAX VA,1
1954,VIOLATION OF PROTECTIVE ODER,1
1955,CDS: POSSESSION- NOT MARIJUANA,1
1956,ELUDE UNIFORMED POLICE BY FLEE,1
1957,ILLEGALLY PARKED,1
1958,CDS VIOLATION POSSESSION,1
1959,FUGITIVE FROM JUSTICE-FLORDIA,1
1960,2 0910,1
1961,RECEIVING STOLEN PROPERTY,1
1962,ATT. COMM ARMED ROBBERY,1
1963,CDS NOT MARJ.,1
1964,CWID COCAINE,1
1965,COMMONON ASSAULT,1
1966,CDS ATTEMPT DIST,1
1967,AGGRAVATED ASSAUKT,1
1968,"AGG, ASSAULT",1
1969,SEXUAL PHYSICAL CHILD ABUSE,1
1970,HANDGUUN VIOLATION,1
1971,ATTEMPT TO DIST,1
1972,POSS. OF HEROIN,1
1973,VIOLATION OF A PROTECTIVE,1
1974,ATT -THEFT:$10K TO UNDER $100K,1
1975,AGGRAVATED ASSAUIT,1
1976,CDS DITRIBUTION,1
1977,AGG ASSTULT BY CUTTING,1
1978,BALTIMORE CO,1
1979,DOMESTIC ASSUALT,1
1980,POSSESSION W/I DIST. COCAINE,1
1981,KNOWINGLY USING FALSIFIED VEHI,1
1982,CDS ADMIN EQUIP POSS/DIST,1
1983,CDS POSSESSION OF PARAPHERNALI,1
1984,DISORDERLY / HINDERING,1
1985,PWI-MARIJUANA,1
1986,ATT. DISTRUBUTION,1
1987,AGGRAVATED ASSALT,1
1988,CON-HANDGUN ON PERSON,1
1989,"GAMING/CARDS, DICE, ETC.",1
1990,ASSUALT 2ND DEGREE,1
1991,OPERATING STOLEN AUTO,1
1992,RECLKES DRIVING,1
1993,PRIV PL - PRURIENT INTENT,1
1994,DISCHARGE OF FIREARMS,1
1995,DV AGG. ASSAULT,1
1996,THREAT/ST OFFICIAL/TO INJURE,1
1997,STOLEN MOTORCYCLE,1
1998,MAL DEST PROP/VALU - $300,1
1999,THEFT OF VEHICLE TAG,1
2000,POSSESSION OF STOLEN GOODS,1
2001,HANDGUN VIOLAION,1
2002,DETAIN ONLY WORCESTER CO.,1
2003,ASSAULT ON POLICE/OBSTRUCTION,1
2004,BALTIMORE CITY,1
2005,POSS W/ INTENT TO DIST,1
2006,ABDUCT CHILD - CUST OUT ST,1
2007,1ST BURGLARY,1
2008,REGULATED FIREARM: STOLEN/SELL,1
2009,CDS POSS. HEROIN/ COCAINE,1
2010,CDS PARAPHERNALIA,1
2011,ARMERD ROBBERY,1
2012,RES/ B&E,1
2013,POSSESION OF CDS,1
2014,FUGITIVE FROM JUSTICE NORTH CA,1
2015,CDS   POSS.,1
2016,DRIVING W O LISCENSE,1
2017,DRIVING VEH SPEEDING ON HIGHWA,1
2018,PROSTITUTION/PERVERTED PRACTIC,1
2019,VIS SURV - PRIVATE AREA,1
2020,MOTOR VEHICLE OFFENSE,1
2021,2ND DEGREE ASSAULT DOMESTIC,1
2022,PROTECTIVE ORDER,1
2023,CDS METHYLENEDIOXYMETHAMPHETAM,1
2024,ATT-BURGLARY,1
2025,LARCENY/THEFT,1
2026,MAL DEST MISSILES AT VEH.,1
2027,STOLEN AUTON,1
2028,ASSAULT ON PLOICE,1
2029,VIOLATE PROTECTION ORDER,1
2030,CDS IOLATION,1
2031,"THEFT OVER $10,000",1
2032,DISTURBING THE PEACE,1
2033,THEFT OVER 1500,1
2034,DESTRUCTION OF PROERTY,1
2035,CDS (S&),1
2036,CDS CONSP,1
2037,FUTIGIVE FROM NEW YORK,1
2038,AGG. ASSAULT BY THREAT,1
2039,DIRTBIKE,1
2040,"(DRIVING, ATTEMPTING TO DRIVE",1
2041,POSSESION OF STOLEN PROPERTY,1
2042,BURGLARY COMMERIAL,1
2043,CDS VIOLATION`,1
2044,FAILING TO APPEAR,1
2045,CDS POSS COCAINE / HEROIN,1
2046,HGV S/S,1
2047,FLEEING & ELUDING,1
2048,3RD DEGREE BURLARY,1
2049,CDS DISTRIB COCAINE,1
2050,KNOWINGLY USING FALEFIED REG P,1
2051,TEL MISUSE: OBSCENE,1
2052,METHYLENEDIOXYMETHAMPHETAMINE,1
2053,CHILD PORN PERMIT SEX SUBJ,1
2054,FUGITIVE FROM NORTHENR COUNTY,1
2055,CDS POSS/HEROIN-COCAINE,1
2056,CDS DIST CONS,1
2057,TRAFFIC PWID,1
2058,HOMICIDE,1
2059,FUGITIVE FROM KENTUCKY,1
2060,DRIVNG SUSPENDED,1
2061,ATTEMPT BY DRIVER TO RLUDE POL,1
2062,THEFT UNDER $300.00,1
2063,FAIL TO RENDER AID,1
2064,PWID/TRAFFIC,1
2065,COMMMON ASSAULT,1
2066,FUGITIVE FROM JUSTICE -ARKANSA,1
2067,FIREARM-POSS W/FEL CONV,1
2068,TEMPORARY FED,1
2069,THIEF,1
2070,POSS. FIREARM,1
2071,SEC DEGEE ASSAULT,1
2072,POSSESSION COCAINE/ HEROIN,1
2073,B+E (RESIDENTIAL),1
2074,FAIL/REG GUN OFF/ UPDATE INFO,1
2075,CDS POSSESION WITH INTENT,1
2076,COMM.ASSAULT,1
2077,ACCESSORY BEFORE THE FACT,1
2078,COUNTERFEIT CURRENCY,1
2079,DETAIN ONLY FOR WASHINGTON COU,1
2080,PWID HEROIN/ FENTENYL,1
2081,CON-PEACE ORDER: FALSE INFO.,1
2082,FUGITIVE FROM JUSTICE: FLORIDA,1
2083,CDS POSSESTION,1
2084,DISCHARGING OF FIREARM,1
2085,FUGITIBR FROM VA,1
2086,TEMP.FED DETAINEE,1
2087,UNAUTHORIZED USE.,1
2088,FUGITIVE FROM PENN.,1
2089,COOMMON ASSAULT,1
2090,AGG ASSAULT/ 1ST DEGREE ASSAUL,1
2091,CDS POSS/ PWID,1
2092,CONSPIRACY,1
2093,HGV PWD,1
2094,POSSESSION OF HERION,1
2095,CDS V IOLATION,1
2096,RESIDENTIAL B&E/HGV,1
2097,CONCEALED WEAPON DEADLY,1
2098,POSSESS BB GUN,1
2099,POSS W/I CDS,1
2100,VIOLATION OF PROTECTIVE COURT,1
2101,POSSSESSION HEROIN,1
2102,CDS NON MARIJ,1
2103,PHARMACY W/O LIC.,1
2104,ASSAULT  2ND DEGREE,1
2105,RAPE 1ST DEG,1
2106,CDS DSIT,1
2107,ALTER PHYS EVIDENCE CRIM PROC,1
2108,ISSUE COUNTERFEIT ORDER,1
2109,AGG ASSAULT (DV),1
2110,POSS DIST,1
2111,B$E,1
2112,THREAT BY ARSON,1
2113,SELL/POSSES STOLEN MANF NO.,1
2114,ASSAULLT-SECOND DEGREE,1
2115,ILLEGAL POSS OF AMMUNITION,1
2116,CDS DIST COCAINE/HEROIN,1
2117,POSS W/ INT TO DIST,1
2118,POSS W/INT. COCAINE,1
2119,HANDGUN VILOATION,1
2120,THEFT U 1000,1
2121,VIOLATION OF A FINAL PEACE ORD,1
2122,SECONDARY ASSAULT,1
2123,CDS DIST. MARIJUANA/COCAINE,1
2124,PARTENAL ABDUCTION,1
2125,DRIVER ATTEMPT TO ELUDE POLICE,1
2126,RETALIATION OF WITNESS,1
2127,CON-DIST/PWD FENT/HEROIN MIX,1
2128,VIOL. OF PEACE ORDER,1
2129,CDS. POSS,1
2130,CON-PERVERTED PRACTICE,1
2131,CDS DISTRIBUTION MDMA,1
2132,STOLEN AUTO / THEFT,1
2133,LARSENCY/THEFT,1
2134,ROBBERY (ARMED),1
2135,DRIVING ON MOTOR VEHICLE ON HW,1
2136,CDS PWI/ DIST,1
2137,POSSESSION OF FIREARM,1
2138,POSS OF FIREARM/AMMO/MINOR,1
2139,4TH DEGREE B+E,1
2140,THEFT UNDER 1100.00,1
2141,2ND DEGREE ASSAILT,1
2142,AGR ASSAULT,1
2143,ATREMPT BURGLARY,1
2144,DETAIN ONLY FOR AA CO SO,1
2145,OPERATING UNREGISTERED MOTOR,1
2146,1ST AND 2ND DEGREE ATTEMPTED M,1
2147,FAILURE TO STOP FOR ACCIDENT,1
2148,"FUGITIVE FROM CHESTERFIELD, VA",1
2149,VIOLATING PEACE ORDER,1
2150,BREAKING & ENTERING 4TH DEG,1
2151,DETAIN ONLY FOR FREDRICK COUNT,1
2152,ASSAULT FIRST-DEGREE,1
2153,DOMESTIC DEST OF PROP,1
2154,DETAIN FOR ANNE ARUNDEL COUNTY,1
2155,DRIVING UNINSURED VEHICLE(FTA),1
2156,0SD65435-40,1
2157,ATTP. ASSAULT,1
2158,CDS DISTRUBTION,1
2159,KL32845,1
2160,POSS CDS NOT MARJ.,1
2161,DETAIN ONLY AA CO SO,1
2162,DRIVING VEH ON HWY W/O LICENSE,1
2163,DETAIN ONLY FOR WORCHESTER CO,1
2164,POSSESSION OF RIFLE,1
2165,POSESSION WITH INTENT,1
2166,ATT BY DRIVER TO ELUDE UNIFORM,1
2167,DRIVING ON SUS LIC,1
2168,CDS POSS W/ INTENT DISTRIBUTIO,1
2169,CDS ATTEMPT TO DIST.,1
2170,ATTEMPT LARCENY OF AUTO,1
2171,CDS. DIST.,1
2172,SECOND DEGREE BURGLARY,1
2173,CDS: POSS W/I DIST,1
2174,UNARMED ROBBERY DOMESTIC,1
2175,POSS OF SOLEN TAG,1
2176,POSSESSION W/ INTENT TO DISTRI,1
2177,DRIVER/ATTEMP TO DRIVR ON HWY,1
2178,DIRTBIKE RIDING,1
2179,CDSD VIOLATION,1
2180,CDS DIST.HEROIN,1
2181,2ND DEGREE ASSAULT(DOMESTIC),1
2182,CHILD ABUSE-1ST DEG: COURSE CO,1
2183,POSS. INT HEROIN,1
2184,FAILURE TO RETURN & REMAIN AT,1
2185,ACCESSORY AFTER THE STATUTE,1
2186,VIOLATION OF  EXPARTE,1
2187,POSS OF STOLEN MOTOR VEHICLE,1
2188,2ND DEGREE ASSAULT DV,1
2189,ATT AGG. ASSAULT,1
2190,CR 3-202,1
2191,AGG ASSAULT SEC DEGREE,1
2192,COMM A&R,1
2193,CD-PAI,1
2194,DOMOSTIC,1
2195,ATTEMPT COMMERCIAL BURGLARY,1
2196,DRIVING W/OUT LIC,1
2197,STOLEN TAGS/CDS,1
2198,LARCENY U/ 1000,1
2199,LARCENY/SHOPLIFTING,1
2200,FAILUIRE TO APPEAR OR PAY FINE,1
2201,FUGITIVE FROM JUSTIVE: VA,1
2202,THEFT $100 TO $1500,1
2203,AGG ASSAULT DOMESTIC,1
2204,DETAIN ONLY FOR AA CO.,1
2205,FUGIVITVE FROM JUSTICE- VA,1
2206,AFFRAY/COMMON ASSAULT,1
2207,HOMICIDE-MV/VESSEL-IMPAIR ALC,1
2208,CDSPWID,1
2209,CDS POSSESS-NOT MARIJUANA,1
2210,PWID HEROIN/ COCAINE,1
2211,DRIVING ON SUSPENED LIC,1
2212,ATT ROBBERY (ARMED),1
2213,HUMAN TRAFFICKING-TAKE/CAUSE,1
2214,P/W/I MARIJUANA,1
2215,MAL. DESTRUCTION,1
2216,2ND  DEGREE CHILD ABUSE,1
2217,ATTEMPT ARMED CARJACKING,1
2218,CDS PWID/HEROIN/COCAINE,1
2219,VOP(BW),1
2220,HAANDGUN VIOLATION,1
2221,POSS PELLETT GUN,1
2222,CDS POSSESSION W/ INTENT TO DI,1
2223,CDS DISTRIBUTION OF COCAINE,1
2224,POSS W INT HEROIN,1
2225,STOLEN AUTO/ FALSE STATEMENT,1
2226,FUGITIVE OF GEORGIA,1
2227,DOMESTIC BURGLARY,1
2228,FREDERICK CO SO.,1
2229,ATTEMPT 1ST DEG. MURDER,1
2230,VIOLATION OF PROTECTION ORER,1
2231,DISTRIBUTION MARIJUANA,1
2232,CDS POSS W INTENT,1
2233,FUGITIVE FROM JUSTICE - ARIZON,1
2234,ELEC MAIL-HARASS-MINOR,1
2235,HGV/CDS PWID,1
2236,CDS PWID/COCAINE,1
2237,POSS W/ INTENT COCAINE/ HGV,1
2238,DRIVING W/O A LICENSE,1
2239,HGV/ CDS PWID,1
2240,HARASSMENT,1
2241,UN-ARMED CAR JACKING,1
2242,FLEETING AND ELUDING UNIFORM P,1
2243,NORTH CAROLINE,1
2244,FALSE ALARM,1
2245,DRIVING ON SUSPENED LICENSE,1
2246,CDS POSS MARIJUANA 10+,1
2247,ARMED ROBBBERY/COMM,1
2248,CDS/INDECENT EXPOSURE,1
2249,ABUSE OF ANIMALS,1
2250,1ST DEGREE ATTEMPTED MURDER,1
2251,ARMED PERSON,1
2252,CDS CON DIST COCAINE,1
2253,CON- FIREARM:ILLEGAL POSSESSIO,1
2254,DRI ON REVOKE LIC,1
2255,THEFT SCHEME,1
2256,ATT DISTRIBUTION/HEROIN,1
2257,CDS -PWID,1
2258,B & E (COMMERCIAL),1
2259,GUN OFFENDER FAILING TO REGIST,1
2260,FUGITIVE FROM SPRINGFIELD MASS,1
2261,FUGITIVE FROM NEWYORK,1
2262,ATTEMPT MURDER 1ST,1
2263,FUGITIVE/VA,1
2264,POSS OF CDS NOT MARIJUANA,1
2265,RES FIREARM AMMO-CRM VIOLENCE,1
2266,IST COMMON ASSAULT,1
2267,FUGITIVE FROM MISSURI,1
2268,ASSAULT -SECOND DEGREE,1
2269,FUGITIVE FROM JUSTICE-GEORGIA,1
2270,VIOLATION OR PROTECTIVE ORDER,1
2271,VOLATION OF PEACE ORDER,1
2272,MALICIOUS DESTRUCTION < 1000,1
2273,B & E 4TH DEG,1
2274,HANDGUN IN CAR,1
2275,FIREARM DISCHARGING,1
2276,POSS. W/INT,1
2277,COMMO ASSAULT,1
2278,LARCENCY,1
2279,SOLICITATION OF PROSITUTION,1
2280,SEXUAL ASSAULT,1
2281,COMMAN ASSAULT,1
2282,MGV / AGGRAVATED ASSAULT,1
2283,RESIST ARREST FAIL TO OBEY,1
2284,BRGLARY,1
2285,STOLEN REAR TAG POSSESSION,1
2286,2ND DG. ASSAULT,1
2287,HGV/PWI HEROIN,1
2288,TRESS PASSING,1
2289,DRIV W/O LIC,1
2290,ESSENTIAL SERVICES,1
2291,BREAKING IN AND ENTERING,1
2292,ASSAULT 1ST DEGREE/CUTTING (DV,1
2293,BURGLARY 1ST DEG,1
2294,ATEMPT BY DRIVER TO ELUDE UNIF,1
2295,FTO/ TRESPASSING,1
2296,CON TO COMMIT 1ST DEGREE ATT M,1
2297,COMMON ASASULT,1
2298,FALSE STATEMENT TO PEACE OFFIC,1
2299,FUGITIVE FROM JUSTICE-FLORIDA,1
2300,POSS.OF STOLEN PROPERTY,1
2301,FUGITIVE GEORGIA,1
2302,DOMESTIC ASLT,1
2303,1 ST DEG ASSAULT,1
2304,PERSON DRIVING MOTOR VEH ON SU,1
2305,DRIVING ON SUSPENDED LIC AND P,1
2306,POSS W/INT DIST,1
2307,THEFT UNDER $300,1
2308,DETAIN ONLY HARFORD COUNTY SHE,1
2309,AUTOMOBILE MANSLAUGHTER,1
2310,2ND DEGRE ASSAULT,1
2311,CONSPIRACY TO DIST,1
2312,SIMPLE POSSESSION,1
2313,CDS INTENT TO DIST.,1
2314,POSS STOLEN PROPERTY,1
2315,CONTRABAND-CONCEAL WEAPON,1
2316,FUTIGIVE NEVADA,1
2317,TRESPPASING,1
2318,DRIVING VEH. WHILE IMPAIRED BY,1
2319,THEFT: $300 PLUS VALUE,1
2320,SEX TRAFFICKING,1
2321,STOLEN AUTO/ ARMED CARJACKING,1
2322,CDS POSS PARAPHERNELIA,1
2323,HANDGUN VOILATION,1
2324,PWRB HEROINE,1
2325,POSSESSION OF DEADLY WEAPON,1
2326,CON-SEX ABUSE MINOR,1
2327,FAIL TO OBEY COURT ORDER,1
2328,1ST AND 2ND DEGREE ASSAULT,1
2329,ARMED ROBERRY,1
2330,SEC DEGREE ASSUALT,1
2331,AGGRAVATED ANIMAL CRUELTY,1
2332,ASSAULT SECOND DEGREEE,1
2333,POSSESSION DISTRIBUTION,1
2334,FAIL TO REG SEX OFF,1
2335,FAILURE TO COMPLY WITH PEACE O,1
2336,VIOLATION  OF PROTECTIVE ORDER,1
2337,ARMED COMMERICAL ROBBERY,1
2338,CDSVIOLATION,1
2339,ATTEMP BY DRIVING TO ELUDE POL,1
2340,DET CHILD CUSTODIAN OUT ST,1
2341,ATT-ROGUE AND VAGABOND,1
2342,HINDERING/DISORDERLY,1
2343,COUNTERFEIT MONEY,1
2344,BURGLARY 2ND DG,1
2345,1ST DG. ASSAULT,1
2346,VIOLATION OF AN EX-PARTE,1
2347,FAILURE TO STOP ACCIDENT,1
2348,PROSTITUTIUON,1
2349,POSS W/ INTENT TO DIST MARIJUA,1
2350,HLTH EMERGNCY FAIL COMPLY,1
2351,ATTEMPT. RAPE,1
2352,ATTEMPTED LARENCY FROM AUTO,1
2353,TRAFFIC VOLATION/ CDS,1
2354,FUGITVE FROM JUSTICE GEORGIA,1
2355,FUGITIVE FROM LOUISIANA,1
2356,STOLEN PLATE,1
2357,CRED CRD APLY FOR/FALSE ID,1
2358,FRAUD ID INFO THFT $1K -<$10K,1
2359,CDS DISTR,1
2360,CDS POSSESION W/ INTENT,1
2361,DESTRUCTION/ DOMESTIC,1
2362,COMMON ASS,1
2363,CDS DIST/ HEROIN,1
2364,1ST  DEGREE ASSAULT,1
2365,ASSAULT SEC- DEGREE,1
2366,3RD DEGREE SEX OFFENCE,1
2367,DISCHARGING WITHIN CIY LIMITS,1
2368,STOLLEN AUTO,1
2369,SECOND DEG. ASSAULT,1
2370,COMMON ASSAU;LT,1
2371,DISTIBUTION,1
2372,AUTO/THEFT,1
2373,POSSESSION W INT,1
2374,DETAIN ON LY CECIL COUNTY,1
2375,ROGUE AND VEGABON,1
2376,2ND DEGREE ASSAULT THREAT,1
2377,MALIOUS BURNING,1
2378,IDENTITY FRAUD - INDUCE ANOTH,1
2379,2ND DEGREE SEX OFFENSE,1
2380,AGG ASSAULT/ HGV,1
2381,ATT. AGG. ASSAULT,1
2382,ATT 4TH DEGREE B&E,1
2383,COMM ASSAULT DOMESTIC,1
2384,AGG,1
2385,MALCIOUS DESTRUCTION OF PROPER,1
2386,REG FIREARM: STOLEN/SELL ETC.,1
2387,SEX OFFENSE 3RD DEGREE,1
2388,POSS W/INT.,1
2389,CDS/SSW,1
2390,PWI,1
2391,ATTACHING UNAUTHORIZED VEH. RE,1
2392,BURGLARY 4,1
2393,GUN OFENDER,1
2394,VEHICL/RENTED:ABANDON,1
2395,FUGITIVE FOR NEW MEXICO,1
2396,HANDGUN VIOLTION,1
2397,STOLEN AUTO/ HAND GUN,1
2398,DETAIN ONLY FOR AA CO SHERIFF,1
2399,RECKLESS ENANGERMENT,1
2400,FOURTH DEGREE SEX OFFENSE,1
2401,BREAKING & ENTERING RESIDENT,1
2402,CON.ARMED ROBERY,1
2403,COMM. ARMED ROBERY,1
2404,ATT-CDS: POSS W/I DIST: NARC,1
2405,THEFT LESS THAN 100.00,1
2406,COM. ARMED ROBBERY,1
2407,DRIVING ON REVOKED LIC. AND PR,1
2408,SECOND DEG ASLT,1
2409,ASSAULT ONN POLICE,1
2410,PWIN HEROIN,1
2411,DETAIN ONLY A.A CO,1
2412,OPERATING VEH W/STOLEN TAGS,1
2413,CDS POSS INTENT DIST.,1
2414,4TH DEGREE SEXUAL ASSAULT,1
2415,CDS POSS W/INTENT DISTRIB,1
2416,OBT PROP VUL ADLT-$1500-<$25K,1
2417,LARCENY OVER $1000,1
2418,"EXTORTION: VALUE $1K TO <$10,0",1
2419,DOMESTIC COMMON  ASSAULT,1
2420,FISHING W/O LICENSE,1
2421,POSS STOLEN TAG,1
2422,ATTEMPT  THEFT,1
2423,FAIL TO STAY ON SEEN OF ACCIDE,1
2424,CONMON ASSAULT,1
2425,AGG. ASSAULT/FIRST DEGREE,1
2426,COMMON ASSAULT ( DOMESTIC ),1
2427,FUG FROM VA,1
2428,RAPE-1ST DEGREE: FORCE/B&E,1
2429,CDS  INTENT,1
2430,AGGRAVATED ASSAUALT,1
2431,VIOTATION OF PROTECTIVE ORDER,1
2432,POSSESSION W/INT,1
2433,CDS DIST.OF MARIJUANA,1
2434,CDS POSS W/INT COCAINE,1
2435,RESIDENTAL BREAKING ENTERING,1
2436,RESIDENTAL BREAKING AND ENTERI,1
2437,CONCEALED DANGEROUS WEAPON,1
2438,POSS W/INTENT TO DISTRIBUTE CD,1
2439,AGGG ASSAULT,1
2440,POSS. BB GUN,1
2441,ASSAULT 1ST DEG,1
2442,ASSULT 2ND DEG,1
2443,AGG ASSAULT/HGV,1
2444,STOLEN AUTO/CDS VIOLATION,1
2445,COMMON ASSAULT (2ND DEGREE),1
2446,DISTRIBUTION OF CHILD PORNOGRA,1
2447,FLEE AND ELUDE POLICE,1
2448,ASSAULT PISTOL/MAG. USE,1
2449,FAIL TO DISPLAY LIC ON DEMAND,1
2450,POSSESSION OF AMMO,1
2451,SOL-FRAUD-SUBLEASE MOTOR VEHIC,1
2452,HANDGUN VIOILATION,1
2453,ILLEGAL LOCKOUT,1
2454,PROCURE/SOL PROSTITUTION/ASSIG,1
2455,FAIL TO REMAINAT SCENE OF ACCI,1
2456,HANDGN VIOLATION,1
2457,HGV CDS POSS W/INT,1
2458,AGGRAVATED ASSAULT/HGV,1
2459,FAIL TO REGISTER GUN OFFENSE,1
2460,LEAVING SCENE ACCIDENT,1
2461,CREDIT CARD/ANOTH CHG 100K+,1
2462,POSS STOLEN PROP,1
2463,FAIL TO REGISTER AS GUN OFFEND,1
2464,CONCEALED BB GUN,1
2465,DISTRIBUTION OF HEROIN,1
2466,HGV/ POSS W/I CDS,1
2467,POSSESSION/INTENT MARIJUANA,1
2468,SOL-SEX ABUSE MINOR,1
2469,CDS DISTRIBATION,1
2470,CDS P,1
2471,ATTEMP BY DRIVER TO ELUDE UNIF,1
2472,FUGITIVE FROM JUSTICE-PA,1
2473,2 DEGREE ASSAULT,1
2474,STOLEN AUTOMBILE,1
2475,CDS-PWID (COCAINE),1
2476,FUGITIVE FROM DC,1
2477,COM ARMED ROBBERY,1
2478,DESTRICTION OF PROPERTY,1
2479,AGGRAVATED ASSAULT/ROBBERY,1
2480,MUTUAL AFFRAY,1
2481,UNAUTHORIZED USE OF A MOTOR VE,1
2482,ACCESS AFTER THE FACT,1
2483,PWID/CDS VIOLATION,1
2484,4TH DGREE BURGLARY,1
2485,FUGITIVE FROM JUSTICE-DELAWARE,1
2486,ATTEMPT STOLEN AUTO,1
2487,CDS POSS. CRYSTAL METH,1
2488,AGG ASS SHOOTING,1
2489,RIFLE/SHOTGUN POSSESSION WITH,1
2490,FAILURE TO OBEY LAWFUL ORDER,1
2491,FEDERAL DETAIN ONLY,1
2492,DETAIN ONLY FOR BCPD,1
2493,LARCENY>1500,1
2494,FLEEING AND ELUDE POLICE,1
2495,DESTRUCTION OFF PROPERTY,1
2496,SECOND ASSAULT,1
2497,FALSE STATEMENT TO POLICE,1
2498,FUGITIVE FROM JUSTICE -NEW YOR,1
2499,MURDER 1ST,1
2500,ATT THEFT,1
2501,SOLICIT: ASSAULT-SEC DEGREE,1
2502,ASAULT,1
2503,CDS VIOLATION/TRAFFIC,1
2504,P.W.I MARIJUANA,1
2505,DRIVING REVOKED LIC,1
2506,4TH DEGREE BREAKING AND ENTERI,1
2507,FUGITIVE FROM JUSTICE- ARIZONA,1
2508,DETAIN ONLY FOR BALT CO,1
2509,TREPASS,1
2510,DUI OF ALCOHOL PER SE,1
2511,PERSON DRIVING MOTOR VEH. ON (,1
2512,BURGARY,1
2513,POSS WITH INT COCAINE,1
2514,FLEEING THE SEEN OF AN ACCIDEN,1
2515,POSSESSION OF DRUG PARAPHERNAL,1
2516,"THEFT UNDER $1,000.00",1
2517,1ST DEGREE ARSON,1
2518,UNREGISTERED MOTORCYCLE,1
2519,ASSAULT/ DEADLY WEAPON,1
2520,CDS. DIST,1
2521,ATTEMPT ROBBERYH,1
2522,COMMCON ASSAULT,1
2523,UN-ARMED ROBBERY,1
2524,ANIMAL CRUELTY CAUSE/AUTH,1
2525,HGV/CDC,1
2526,CDS REGIS. RECORDS FAILURE,1
2527,VIOLATION OF FINAL PROTECTIVE,1
2528,FRAUD ID INFO THFT $25K-<$100K,1
2529,FUGITIVE FROM JUSTICE MISSOURI,1
2530,CDS ATTEMPT TO DIST,1
2531,DRIVING ON SUSP. OUT OF STATE,1
2532,POSS W/ INTENT COCAINE,1
2533,DRIVING W/OUT LICENSE,1
2534,THEFT -$500,1
2535,ASSAULT BY CUTTING,1
2536,FAILURE TO STOP AFTER ACCUDENT,1
2537,ASSAULT 2ND - DEG,1
2538,HARASSMENT/TELEPHONE MISUSE,1
2539,PARAPHERNALIA POSSESSION,1
2540,AGGRAVATED ASAAULT,1
2541,1ST DEGREE  ASSAULT,1
2542,CHILD NEGLECT/ASSAULT ON POLIC,1
2543,SEX OFFESE,1
2544,1 1415,1
2545,ATTEPMPTED UNARMED ROBBERY,1
2546,FUGITIVE FROM P.A,1
2547,DRIVING/ ATTEMPTING DRIVE VEH.,1
2548,DISCHARGING HANDGUN,1
2549,DSIORDERLY CONDUCT,1
2550,CDS VIOLATION DIST,1
2551,TRESPASS/ DEADLY WEAPON,1
2552,CDS: POS W/I DIST: PCP/LSD/HAL,1
2553,ATT-PROSTITUTION-GENERAL,1
2554,POLICE IMPERSONATION,1
2555,2ND DRGREE ASSAULT,1
2556,CDS PWIT,1
2557,CDS PWID (COCAINE),1
2558,DISPLAY REG. ISSUE TO ANOTHER,1
2559,CDS POSS W.INTENT,1
2560,ASSAULT II DEGREE,1
2561,THEFT OF AUTO,1
2562,MARIJUANA DISTRIB,1
2563,CDS PWID FENTANYL,1
2564,DOMESTIC ASSAULT 1ST DEGREE,1
2565,POSS/INTEN CDS,1
2566,ATT-MOTOR VEH/UNLAWFUL TAKING,1
2567,ATT-ASLT SEC DEG-LE OFC/P&P AG,1
2568,FIST DEGREE ASSAULT,1
2569,FUGITIVE FROM PENSYLVANIA,1
2570,VIOLATION OF PROTECTOR ORDER,1
2571,HANDGUN IN VEH,1
2572,DESERTION-MINOR CHILD,1
2573,CDS POSS.WITH INTENT,1
2574,FUGITIVE FRO PENNSYLVANIA,1
2575,AGGRIVATED ASSULT,1
2576,POSSESSION WITH INTENT CDS,1
2577,CDS - POSS MARJI,1
2578,CDS VIOLATIN,1
2579,THEFT UNDER $1500.00,1
2580,U/U MOTOR VEHICLE,1
2581,"FUGITIVE FROM JUSTICE FAIRFAX,",1
2582,THEFT/STOLEN TAGS,1
2583,THEFT OVER $1500-25000,1
2584,ATTEMPT TO ELUDE UNIFORMED POL,1
2585,FUGITIVE OF VA,1
2586,DESTRUCTION OF PROPERTY/ DISOR,1
2587,VIOLATION OF PROCTECTIVE,1
2588,CDS DIST:SCHOOL PROP/BUS,1
2589,DETAIN ONLY HARFORD COUNTY,1
2590,ARMED  ROBBERY (COMMERCIAL),1
2591,TREPASSING,1
2592,4TH DEGREE BURLGARY,1
2593,OBSTRUCTING AND HINDERING,1
2594,CON-ATT MURDER,1
2595,HANDGUN USED IN COMMISSION OF,1
2596,LARCENY - THEFT,1
2597,EXTORTION:VALUE $300. PLUS,1
2598,GUN OFFENDER FAIL TO REG,1
2599,ATTEMPTED AGGRAVATED ASSAULT,1
2600,SHOOTING HANDGUN VIOLATION,1
2601,2ND DEGREE,1
2602,THEFT UNDER 1500,1
2603,BURGLARY FOURTH DEGREE(DWELLIN,1
2604,ELEC CO TAMPER W/CONDUCTOR,1
2605,ATTEMPT B + E,1
2606,VIOLLATION OF PEACE ORDER,1
2607,LARCENY FELONY,1
2608,NEGLECT OF CHILD ABUSE,1
2609,FORGERY,1
2610,SEX OFFENSE 4TH DEG,1
2611,CONTRABAND-RECEIVE WEAPON,1
2612,TRESPASSING/CDS VIOLATION,1
2613,TREPASSING/ HOLDING AGAINST WI,1
2614,MJ 10+,1
2615,CDS POSS HEROIN/COCAINE,1
2616,FUGITIVE FROM JUSTCE - PENNSYL,1
2617,POSSESSION W/INTENT TO DIST,1
2618,ASSAULT- SEC DEGREE,1
2619,FELON IN POSSESSION,1
2620,PWI MARIJUNA,1
2621,MALICIOUS  DESTRUCTION,1
2622,THEFT UNDER,1
2623,ASSAULT SEC. DEGREE,1
2624,COMMERCIAL  B&E,1
2625,CDS: POSS W/I DIST:NARC,1
2626,FELON POSS HANDGUN,1
2627,CDS-INT,1
2628,CDS INT,1
2629,MOTER VEHICLE TAKING,1
2630,ASSAULT -DOMESTIC,1
2631,LARCENY OF TAG,1
2632,CDS:DIST,1
2633,PROSTITUITION,1
2634,FAILURE TO REMAIN,1
2635,FIREAM VIOLATION,1
2636,DIST. OF CDS,1
2637,VIOLATE OF EXPARTE,1
2638,ASSAULT ON THE POLICE,1
2639,POSS. MAR.,1
2640,COMMERCIAL ATT ARMED ROBBERY,1
2641,FUGITIVE FOR WEST VIRGINIA,1
2642,DEATAIN FOR HARFORD COUNTY,1
2643,CDS POSS PARAPHERNALIA,1
2644,FALSIFYING/ATT TO FALSIFY W/FR,1
2645,LARCENY (FELONY),1
2646,HINDERING A LAWFUL INVESTIGATI,1
2647,POSSESSION OF A DANGEROUS WEAP,1
2648,POSS. W/INT. MARI,1
2649,PWI MARIJUANA,1
2650,FUGITIVE FROM JUSTICE FROM PEN,1
2651,2ND DEG.ASSAULT,1
2652,FAIL TO STOP,1
2653,HANDGUB VIOLATION,1
2654,1 DEG ASSAULT,1
2655,DEST. PROPERTY,1
2656,AGGRIATED ASSAULT,1
2657,2ND DEGREEE ASSAULT,1
2658,ASSAULT FIRST,1
2659,COMMERCILA BURGLARY,1
2660,DETAIN ONYY,1
2661,PLACE INTIMATE/SEX IMAGE INTER,1
2662,DISORDERLY/TRESPASS,1
2663,FAILURE TO STOP AT AN ACCIDENT,1
2664,DIST/CDS,1
2665,RESIDENTIAL B AND E,1
2666,ASSAULT COMMON 2ND,1
2667,DRIVING WO LISC,1
2668,COMMON ASSAULT/DOMESTIC,1
2669,COMMERCIAL B/E,1
2670,WAGES: TERM & FAIL TO PAY,1
2671,ATTEMPT TO ELUDE UNIFORM POLIC,1
2672,UN ARMED ROBBERY,1
2673,FUGITIVE FROM JUSTICE- NJ,1
2674,VIOLATION PROTCTIVE ORDER,1
2675,RIFLE POSS W/ FELONY CONVICTIO,1
2676,DESTRUCTION OF PROP,1
2677,FUGITIVE FROM JUSTICE- TEXAS,1
2678,ELUDE UNIFORMED POLICE OFFICER,1
2679,ATTEMPT ABDUCTION,1
2680,RECOVERED STOLEN VEHICLE,1
2681,"HANDGUN, CDS",1
2682,CDS POSS W/I HEROIN,1
2683,CDS POSS. COAINE,1
2684,ATTEMPTED RESIDENTIAL BURGLARY,1
2685,CDS/FIREARM,1
2686,VIOLATION OF PROTECT ORDER,1
2687,CHILD ABUSE-1ST: DEATH<13,1
2688,BURGLERY,1
2689,"MAL DESTR PROP/VALUE -$1,000.0",1
2690,CON-MURDR-FIRST DEGREE,1
2691,COMM B/E,1
2692,UNAUTHORIZED VEHICLE USE,1
2693,PWID COCAINE/HGV,1
2694,FUGITIVE FROM JUSTICE: DE,1
2695,2 0480,1
2696,CDS VOILATION POSS COCAINE,1
2697,POSSESSION WITH DISTRIBUTION,1
2698,DETAIN ONLY BALTO CO PD,1
2699,FUGITIVE FROM JUSTICE-VA,1
2700,VIOLATE  PEACE ORDER,1
2701,REPLICA BB GUN,1
2702,ATTEMTED ROBBERY,1
2703,DRIVING ON SUSPENDED LIC,1
2704,FUGITIVE FROM YORK COUNTY PENN,1
2705,FUGITIVE ROM JUSTICE- KANSAS,1
2706,ASLT 1ST DEGREE,1
2707,SUSPENDED REGISTRATION,1
2708,FTA SUBPOENA - SEC CORR SVC,1
2709,CDS PWID/HEROIN,1
2710,THEFT OF LICENSE PLATES,1
2711,CDS PWID HERION,1
2712,ATT CDS DIST.,1
2713,CDS VOILATION,1
2714,USE/DISCLOSE CREDIT CARD NOS,1
2715,CDS DISTRBUTION,1
2716,2ND AGG. ASSAULT,1
2717,CDS VIOLATION/HANDGUN,1
2718,AGG  ASSAULT,1
2719,FRAUD-PER ID AVOID PAY $100K+,1
2720,VIOLATION EX PARTE,1
2721,POSS. OF COCAINE,1
2722,POSS BULLETPROOF ARMOR,1
2723,DETAIN MTA,1
2724,STOLEN VEHICLES,1
2725,2ND DEHREE ASSAULT,1
2726,POSSESSING FICTITIOUS LIC,1
2727,CONDUCTING BUSINESS OF DEALER,1
2728,BBGUN VIOLATION,1
2729,ASSAULT: SECOND DEGREE,1
2730,POSS. OF STOLEN PROPERTY,1
2731,SOLICIT RETALIATE WITNESS-FELO,1
2732,AGG ASSAULT SHOOTING/ATT MURDE,1
2733,DETAIN ONLY FOR BALTIMORE CO S,1
2734,FUGITVE NEW JERSEY,1
2735,ROBBERY/ASSAULT,1
2736,SECOND-DEGREE ASSAULT,1
2737,ATT-MALICIOUS BURNING/2ND DEG,1
2738,DETAIN ONLY QUEENS ANNE COUNTY,1
2739,CDS VIOLATION/ HGV,1
2740,FAIL REG. OFFENDER,1
2741,VIOLATION OF EX- PART,1
2742,DRVING WITHOUT LICENSEI,1
2743,AMMO VIOLATION,1
2744,HGV/ASSAULT,1
2745,FUGITIVE FROM IDAHO,1
2746,DETAIN ONLY PRINCE GEORGE COUN,1
2747,FAILING TO VERIFY INFO,1
2748,DISORDERLY CONDUCT/INTOX/FTO,1
2749,ATT IST DEG MURDER,1
2750,CHILD ABUSE/COMMON ASSAULT,1
2751,ASSAULT/DUI,1
2752,DRIVING UNINSURED VEH,1
2753,GIVING A FALSE NAME TO A PEACE,1
2754,16 303C,1
2755,SOE - MEMA VIOLATION,1
2756,MAL. DEST. OF PROPERTY,1
2757,POSSESSION OF PARAPHERNALIA,1
2758,POSSESSION OF COUNTERFEIT CURR,1
2759,POSS. W/INT  CDS,1
2760,DOMESTIC  ASSAULT,1
2761,CDS POSSESSSION,1
2762,BURGULAY,1
2763,ASSAULT 1ST DEGREE BY CUTTING,1
2764,THEFT:LESS $300 VALUE,1
2765,DEST.OF PROP,1
2766,DETAI ONLY,1
2767,ATT-BURGLARY-4TH DEG DWELL,1
2768,FIREARM/CDS,1
2769,FIREARM /CDS,1
2770,CUTTING AGG ASSAULT,1
2771,THEFT-SCHEME:10K TO UND 100K,1
2772,ATT-TRESPASS-POSTED PROPERTY,1
2773,BURGLARY 4TH DEG.,1
2774,FUGITIVE FROM VIRGIN ISLANDS,1
2775,ATT-MALICIOUS BURNING/1ST DEG,1
2776,FAIL TO REMAIN AT SCENE ACCIDE,1
2777,FIRST DEGREE ATTEMPTED MURDER,1
2778,FUGITIVE FROM KY,1
2779,POSSESSION OF STOLEN PLATES,1
2780,LARCENY/ ARMED ROBBERY,1
2781,FUGITIVE FROM OK,1
2782,GUN CHARGE,1
2783,CDS POSS.PWID,1
2784,FUGITIVE FROM VA.,1
2785,ASSAULT WEAPON POSS/SELL,1
2786,DRIVING IMPAIRED BY DRUGS,1
2787,STOLEN AUTO/THEFT,1
2788,STLOEN AUTO,1
2789,1ST DEG ATT. MURDER,1
2790,ATTEMPT COMMERICAL ARMED ROBBE,1
2791,VIOLATION OF COURT DOCUMENT,1
2792,BURGLARY - 1ST DEGREE,1
2793,FAILURE TO REG GUN OFFENDER,1
2794,CDSS VIOLATION,1
2795,SECOND DEGREE ESCAPE,1
2796,POSS OF B B GUN,1
2797,FUGITIVE FROM VIRGIIA,1
2798,POSS NOT MARIJUANA,1
2799,THEFT LESS THAN $500,1
2800,ATT CDS DISTRIBUTION,1
2801,CDS OBTN BY MAKE FRGE PRES,1
2802,AGGRAVATED ASSAULT (DV),1
2803,CDS POSS PWID,1
2804,COMMON ASSAULT DOMESTIC RELATE,1
2805,AMRED ROBBERY,1
2806,ATT DIST PWID,1
2807,POSSESSION/INTENT-MARIJUANA,1
2808,DRIVING WITHOUT LICENCE,1
2809,CDS CON DIST HEROIN,1
2810,AGRAVATED ASSAULT,1
2811,4TH DEGREE ASSAULT,1
2812,POSS PARAPHERNALIA,1
2813,EXPARTA VIOLATION,1
2814,VIOLATION OF EXPRATE,1
2815,FUGITIVE FROM JUSTICE..PA,1
2816,VIOLATION PROTECT ORDER,1
2817,TEMPORARY FED DETAINEE,1
2818,FAIL RE-REGISTER,1
2819,HANDGUN POSS,1
2820,POSS.OF CDS,1
2821,LARCENY $100 - $1500,1
2822,MOTOR VEH THEFT,1
2823,KIDNAPING,1
2824,2ND DEFREE ASSAULT,1
2825,VIOLATION EX-PARTE,1
2826,"ATT-MAL DEST PROP/VALU < $1,00",1
2827,ATT TO ELUDE POLICE BY FAILING,1
2828,POSSESION CDS,1
2829,AGGRAVATED ASSAULT ( VEHICLE),1
2830,CRED CD-PERSNTN/$100-<$1500,1
2831,"AGGRAVATED ASSAULT, 1ST DEGREE",1
2832,BURGLARY 4TH DEG,1
2833,DRIVING W/O CURRENT TAGS,1
2834,CDS VIOLATOPM,1
2835,DRIVING WITHOUT LIC.,1
2836,ATTEMPT DIST,1
2837,PROSTIUTION,1
2838,CDS INVESTIGATION,1
2839,TEMP RED DETAINEE,1
2840,ASSULT-FIRST DEGREE,1
2841,"THEFT OVER $100.00 UNDER $1,50",1
2842,DETAIN ONLY FOR CHARLES CO. SH,1
2843,ASSAULT - DOMESTIC,1
2844,POSSESSION WITH INT. TO DISTRI,1
2845,ASSAULT SECOND DGEREE,1
2846,FIRST DEGREE ASSAULLT,1
2847,4TH DEGREE BURGURALY,1
2848,1ST DEG. RAPE,1
2849,DETAIN ONLY FOR WICOMICO CO.,1
2850,ATTEMPT DIST CDS,1
2851,"POSS. W/INT COCAINE, HEROIN",1
2852,DETAIN ONLY WICOMICO SO,1
2853,CDS\ FIREARMS,1
2854,ARSON - ATT-DWELLING/BLDG,1
2855,SEX OFF 4TH DEG-VAG INT 14/15,1
2856,FIREARM AND DRUG TRAFFICKING,1
2857,DETAIN ONLY FOR PRINCE GEORGE,1
2858,INTOXICATED PUBLIC DISTURBANCE,1
2859,ASSAULT SECOND,1
2860,PWID/COCAINE-HEROIN,1
2861,DRUNK DISORDERLY AND ASSAULT,1
2862,DRIVING ON REVOKED LIC.,1
2863,DEATAIN ONLY FOR HOWARD CO,1
2864,1ST RAPE,1
2865,FUGITIVE FROM LAS VEGAS,1
2866,ELUDING AND FLEEING POLICE,1
2867,FUGITIVE FROM  PENNSYLVANIA,1
2868,FUGITIVE FROM NEW HAMPSHIRE,1
2869,FUGITIVE FROM WINCHESTER VIRGI,1
2870,DETAIN ONLY FOR ANNE ARUNDEL C,1
2871,STOLEN AUTO POSSESSION,1
2872,CDS/PWID CCAINE,1
2873,CONSPIRACY CDS,1
2874,ARMEND ROBBERY,1
2875,TEMP. FEDERAL DETAINEE,1
2876,2ND  DEGREE ASSAULT,1
2877,FAILURE TO STAY AT SCENE,1
2878,POSS HEROIN/PWID HEROIN,1
2879,CDS POSSW/I DIST,1
2880,FUGITIVE FROM CA,1
2881,THEFT < $100.00,1
2882,DOMESTIC AGG. ASSAULT,1
2883,THEFT <100,1
2884,NEG MAN SLAGTHER,1
2885,ASSULT AND ROBBERY,1
2886,GTA/STOLEN AUTO,1
2887,CRIMINAL TRESPASS,1
2888,POSS W/INTENT,1
2889,CDS.DIST.,1
2890,HGV/ PWID COCAINE,1
2891,DRIVING WHILE LICENSE SUSPENDE,1
2892,STOLEN AUTO/ U.U.,1
2893,AGGRAVATED,1
2894,UMARMED ROBBERY,1
2895,"THEFT OVER $1,500.00",1
2896,CDS/PWID COCAINE,1
2897,OPERATOR W/O SEAT BELT,1
2898,THEFT:LESS $500 VALUE,1
2899,FAILING TO REGISTER GUN,1
2900,HERION POSSESSION W/ INTENT,1
2901,1 1118,1
2902,SECOND DEGREE ASAULLT,1
2903,DISTR.COCAINE,1
2904,THEFT OF MOTOR VEHICLE,1
2905,HINDERING WITH ARREST,1
2906,FALSE/MISLEADING INFO FRAUD +$,1
2907,HGV CONSPIRACY,1
2908,DRIVING/ ATT DRIVE W/O REQ LIC,1
2909,CDS POSSESS W/ INTENT TO DISTR,1
2910,CON-THEFT LESS THAN $100.00,1
2911,FUGITIVE FROM FLORDIA,1
2912,OBT PROP VUL ADLT $1500-$25K,1
2913,POSS ALCOHOL IN PUBL,1
2914,HARASS: COURSE CONDUCT,1
2915,1ST DREGEE ASSAULT,1
2916,FUGITIVE FROM  TN,1
2917,AMED CARJACKING,1
2918,AGGRAVATTED ASSAULT,1
2919,FTA/FELONY DEFENDANT,1
2920,ELUDING UNIFORMED POLICE ON FO,1
2921,DRIVE TO ELUDE OFFICIAL POLICE,1
2922,ASSUALT 1,1
2923,ATTEMPT. ARSON,1
2924,BURGLARY AND ENTERING,1
2925,"ATTEMPT BY DRIVER, FLEEING AND",1
2926,STOLEN/UNATHORIZED USE,1
2927,FUGITIVE OF PENNSYLVANIA,1
2928,DETAIN ONLY AA COUNTY,1
2929,POSSESSION OF A BB GUN,1
2930,DRIV UNDER INFLUENCE OF ALCOHO,1
2931,ABDUCT CHILD UNDER 12,1
2932,2ND DEGREE ASSAULT-DOMESTIC,1
2933,CDS W/INT,1
2934,HINDERING/ FTO,1
2935,ATT.ARSON,1
2936,CDS W/INTENT,1
2937,HANGUN VIOLAION,1
2938,DESTRUCTION OF PROPETY,1
2939,CDS POSS. WITH INTENT TO DIST.,1
2940,DRIVING AND ELUDING,1
2941,POSSESSION OF CDS (NOT MARIJ.),1
2942,DUI/CDS POSS,1
2943,CD'S POSSESSION,1
2944,UNREGISTERED DIRT BIKE,1
2945,COMMMON ASSUALT,1
2946,ATT-CDS: POSS-NOT MARIJUANA,1
2947,DISCHARGE FIREARM/ HGV,1
2948,CD'S MARIHUANA,1
2949,ROGUE&VAGABOND,1
2950,4TH DEG B & E,1
2951,ROUGE AND VAGA,1
2952,LONG GUN VIOLATION,1
2953,FAIL APPEAR-CITATION,1
2954,B&E 3RD,1
2955,FIREARM W/ DESTROYED SERIAL #,1
2956,UNARMED COMMERICAL ROBBERY,1
2957,DRIVING W/O LICENSE(FTA),1
2958,DRIVING W/O LINCESE,1
2959,COMMON ASSAUKT,1
2960,CDS /AMMO POSS,1
2961,COMMON ASSAUALT,1
2962,ASSAULT SEC DEG-LE OFF/P&P AG,1
2963,STOLEN HANDGUN,1
2964,FUGITIVE FROM IN,1
2965,ATT COMM ROBBERY,1
2966,IMPERSONATING A POLICE,1
2967,2ND DERGREE ASSAULT,1
2968,AGGRAVATED ASSAULT BY CUTTING,1
2969,MAL DEST PROP,1
2970,UNINATING,1
2971,2ND COMMON ASSAULT,1
2972,DEFERRED PAYMENT,1
2973,FAILING TO VERFIY INFORMTION,1
2974,VIOLATE OUT OF STATE ORDER,1
2975,ATT- BURGLARY- FIRST DEGREE,1
2976,ILLEGAL BB GUN,1
2977,CDS ATTEMPT DISTRIBUTE,1
2978,POSS. OF HERION,1
2979,ATTEMPT BURGLARY 4TH DEGREE,1
2980,FELONY HANDGUN,1
2981,UNLAWFUL RIDING DIRT BIKE,1
2982,FUGITIVE FROM BUCKS COUNTY PA,1
2983,SUSPENDED LIC.,1
2984,ASSAULT PISTOL ROSTER VIO,1
2985,ATTEMPT BY DRIVE TO ELUDE UNIF,1
2986,1-1130,1
2987,ATT FIRST DEGREE MURDER,1
2988,ATTEMPTED KIDNAPPING,1
2989,COMM BURGLARY,1
2990,POSS HEROINE,1
2991,FAILURE TO RETURN SCENE OF ACC,1
2992,PROHIBTIED PERSON IN POSSESION,1
2993,TRESOASSING,1
2994,FAILURE TO VERIFY INFORMATION,1
2995,DISTRUCTION OF PROPERTY,1
2996,FUGITIVE FROM JUSTICE: NORTH C,1
2997,DETAIN ONLY FOR WICOMICO COUNT,1
2998,DISTR HEROIN,1
2999,AGGRAVATED ASSAULT ON POLICE,1
3000,HGV AGG ASSAULT,1
3001,POSSESSION OF A FIREARM WITH F,1
3002,THEFT $100 TO $1499,1
3003,CON-DEST DEVICE MAN/POS/DIST,1
3004,CONSPIRACY TO COMMIT MURDER,1
3005,ATTEMPT TO ELUDE POLICE BY FLE,1
3006,POSS.W/INT. COCAINE,1
3007,FUGITIVE FROM PENNSYLVANI,1
3008,FAIL TO VERIFY,1
3009,THEFT L/T 500,1
3010,STOLEN,1
3011,CDS POSSESSION OF HEROIN,1
3012,POSS. OF AMMO,1
3013,MAL DESTR OF PROP,1
3014,DRUNK DISORDERLY,1
3015,DESTRUCCTION OF PROPERTY,1
3016,SEX ABUSE OF A MINOR,1
3017,SOLICITE GOODS ON TRANSIT,1
3018,WAGES: FAIL TO PAY REGULAR,1
3019,FALSE ALARM/AMBULANC CAUSE,1
3020,RAPID FIRE TRIGGER ACTIVTR VIO,1
3021,DISCHARGE OF FIREARM,1
3022,ATT. COMMERCIAL B&E,1
3023,ATT LARCENY FROM AUTO,1
3024,POSSESSION/HEROIN,1
3025,TEMP FEDERAL DETAINNEE,1
3026,DRIVING STOLEN VECHILE,1
3027,DOMESTIC  COMMON ASSAULT,1
3028,CAUSE INGEST BODILY FLUID,1
3029,FUGITIVE FROM PENNSYLVIA,1
3030,COMMON ASSAULT-DOMESTIC,1
3031,FALSE PRETENSES/ ID THEFT,1
3032,PROSTUTITION,1
3033,AGGRESSIVE PANHANDLING/ SQUEEG,1
3034,POSS CONTRABAND PLACE OF CONFI,1
3035,UNLAWFULLY RIDE/DRIVE DIRTBIKE,1
3036,DEADLY WEAPON/2ND ASSAULT,1
3037,STOLEM AUTO,1
3038,"CDS POSS/HEROIN,COCAINE",1
3039,SND DEGREE BURGLARY,1
3040,DEST OF PROP ATTEMPT,1
3041,POSS. W/INT. COCAINE,1
3042,CDS/ POSS HEROIN,1
3043,POSSESSION SUBOXONE,1
3044,CDS POSSES,1
3045,THEFT UNDER 1500.00,1
3046,CON-MACH GUN AGGRESSIVE PURPOS,1
3047,ATT-SEX OFF 4TH DEG-SEX CONT,1
3048,COMMERICAL B&E,1
3049,CONSPIRACY TO DISTRIBUTE,1
3050,ATT-ESCAPE - FIRST DEGREE,1
3051,POSS OF AMMO,1
3052,NEG VEHICULAR MANSLAUGHTER,1
3053,TRASPASING,1
3054,DETAIN ONLY FOR CARROLL COUNTY,1
3055,ATT 2ND DEG SEX OFFENSE,1
3056,2ND DEGREE COMMON ASSAULT,1
3057,VIOL OF INTERIM PEACE ORDER,1
3058,FTO/DISORDERLY/TRESSPASSING,1
3059,DV,1
3060,HGV/AGG. ASSAULT,1
3061,CDS - DIST.,1
3062,FTO/DISORDERLY CONDUCT,1
3063,FIREARM - POSS W/FEL CONV,1
3064,THEFT OVER 500$,1
3065,PROSTTUTION,1
3066,THEFT OVER $500,1
3067,ATTEMPTED STOLEN AUTO,1
3068,FAILURE TO STOP AT THE SCENE O,1
3069,COMMON ASSAULT/SEC DEG ASSAULT,1
3070,ATT CDS DIST,1
3071,ATTEMPT LARCENCY FROM AUTO,1
3072,RES. BREAKING & ENTERING,1
3073,KIDNAP-CHILD UNDER 16,1
3074,3RD & 4TH DEGREE SEX OFFENSE,1
3075,DETAIN ONLY FOR DORCHSTER COUN,1
3076,POSSESSION ON MARIJUANA,1
3077,FAIL TO FINE FINE,1
3078,SEC ASSAULT,1
3079,DOMESTIC COMMON ASSUALT,1
3080,COMMON ASSAULT SECOND DEGREE,1
3081,ATTEMPT ROBBERY UNARMED,1
3082,DETAIN ONLY CARROLL COUNTY,1
3083,ATTEMPT TO ELUDE POLICE VEHICL,1
3084,ILLEGAL POSS. AMMO,1
3085,1ST DEG. ASSAULT,1
3086,HANDGUN VIOLATIN,1
3087,DIKE BIKE VIOLATION,1
3088,FUGITIVE FROM SOUTH CAROLINA,1
3089,0774091,1
3090,FAIL TO PAY FARE,1
3091,ASSAULT  SECOND DEGREE,1
3092,CDS DISTROBUTION,1
3093,POSSESSION OF FIREARM/MINOR,1
3094,FAILURE OF VEH TO STOP AFTER A,1
3095,PERSON DRIVING ON MOTOR VEH. O,1
3096,CDS POSS WITH INTENT.,1
3097,COMMON ASSASULT,1
3098,VIOLATION OF PEACE,1
3099,MURDER- FIRST DEGREE,1
3100,DRIVING MOTOR VEH. ON HWY W/O,1
3101,DETAIN ONLY FOR CARROLL CO,1
3102,THEFT LESS THAN 1500,1
3103,4T DEGREE BURGLARY,1
3104,DETAIN ONLY BALTIMORE CO SO,1
3105,RES. BURGLARY,1
3106,FUGITIVE FROM MICHIGAN,1
3107,FAIL REGISTER OFFENDER,1
3108,CONTRABAND DELIVERY,1
3109,DRIVING ON SUSPENDED LICNSE,1
3110,AGG. ASSAULT W/ GUN,1
3111,4TH DEGRE B+E,1
3112,ASSAULT SECOND-DEGREE,1
3113,1ST DEG ASLT,1
3114,FUGITIVE FROM JUSTICE- NORTH C,1
3115,CDS POSS. W/INT,1
3116,FUGITIVE FROM JUTICE - PENNSYL,1
3117,ALC BEV/OPEN CONT/RETL EST,1
3118,CON-CDS DISTRIBUTE - OTHER,1
3119,RIFLE VIOLATION,1
3120,POSS.W/INTENT,1
3121,DRIVING W/ IMPAIRED,1
3122,POSS W/ INTENT TO DISTRIBUTE M,1
3123,BREAKING AND ENTERY,1
3124,CDS POSS/MARIJUANA,1
3125,CDS POSS (COCAINE),1
3126,PSID HEROIN,1
3127,ATT-CDS DIST NARC,1
3128,CDS NARC  PWID,1
3129,CDS POSS/INTENT,1
3130,POSS W/INENT TO DISTRIBUTE,1
3131,FAILREG GUN OFFENDER,1
3132,ATT. CARJACKING,1
3133,CDS POSSESSION W/ INT,1
3134,VIOL OF PROTECTIVE ORDER,1
3135,STOLEN AUTO/ CARJACKING,1
3136,PWID MAR,1
3137,DOMESTIC ASSULT,1
3138,STOLEN AUTO/ CDS VIOLATION,1
3139,LARGEMOUTH BASS CLOSED SEASON,1
3140,FUGITIVE-PENNSYLVANIA,1
3141,POSSESSION OF A HANDGUN,1
3142,CDS DISTIBUTION,1
3143,TEMP.  FED DETAINEE,1
3144,CHILD ABUSE FIRST DEGREE,1
3145,CHILD ABUSE 1ST,1
3146,ATTEMPT 2ND DEG RAPE,1
3147,FUGITIVE WARRANT,1
3148,FUGITIVE FROM JUSTICE TEXAS,1
3149,2ND DEGREE ASSAULT (DOMESTIC),1
3150,HANDGUN  VIOLATION,1
3151,ASSAULT-SECOND DGREE,1
